,_id,school;sex;age;address;famsize;Pstatus;Medu;Fedu;Mjob;Fjob;reason;guardian;traveltime;studytime;failures;schoolsup;famsup;paid;activities;nursery;higher;internet;romantic;famrel;freetime;goout;Dalc;Walc;health;absences;G1;G2;G3
5e403b81614e4b05a0c01b74,5e403b81614e4b05a0c01b74,"""GP"";""F"";18;""U"";""GT3"";""A"";4;4;""at_home"";""teacher"";""course"";""mother"";2;2;0;""yes"";""no"";""no"";""no"";""yes"";""yes"";""no"";""no"";4;3;4;1;1;3;6;""5"";""6"";6"
5e403b81614e4b05a0c01b75,5e403b81614e4b05a0c01b75,"""GP"";""F"";17;""U"";""GT3"";""T"";1;1;""at_home"";""other"";""course"";""father"";1;2;0;""no"";""yes"";""no"";""no"";""no"";""yes"";""yes"";""no"";5;3;3;1;1;3;4;""5"";""5"";6"
5e403b81614e4b05a0c01b76,5e403b81614e4b05a0c01b76,"""GP"";""F"";15;""U"";""LE3"";""T"";1;1;""at_home"";""other"";""other"";""mother"";1;2;3;""yes"";""no"";""yes"";""no"";""yes"";""yes"";""yes"";""no"";4;3;2;2;3;3;10;""7"";""8"";10"
5e403b81614e4b05a0c01b77,5e403b81614e4b05a0c01b77,"""GP"";""F"";15;""U"";""GT3"";""T"";4;2;""health"";""services"";""home"";""mother"";1;3;0;""no"";""yes"";""yes"";""yes"";""yes"";""yes"";""yes"";""yes"";3;2;2;1;1;5;2;""15"";""14"";15"
5e403b81614e4b05a0c01b78,5e403b81614e4b05a0c01b78,"""GP"";""F"";16;""U"";""GT3"";""T"";3;3;""other"";""other"";""home"";""father"";1;2;0;""no"";""yes"";""yes"";""no"";""yes"";""yes"";""no"";""no"";4;3;2;1;2;5;4;""6"";""10"";10"
5e403b81614e4b05a0c01b79,5e403b81614e4b05a0c01b79,"""GP"";""M"";16;""U"";""LE3"";""T"";4;3;""services"";""other"";""reputation"";""mother"";1;2;0;""no"";""yes"";""yes"";""yes"";""yes"";""yes"";""yes"";""no"";5;4;2;1;2;5;10;""15"";""15"";15"
5e403b81614e4b05a0c01b7a,5e403b81614e4b05a0c01b7a,"""GP"";""M"";16;""U"";""LE3"";""T"";2;2;""other"";""other"";""home"";""mother"";1;2;0;""no"";""no"";""no"";""no"";""yes"";""yes"";""yes"";""no"";4;4;4;1;1;3;0;""12"";""12"";11"
5e403b81614e4b05a0c01b7b,5e403b81614e4b05a0c01b7b,"""GP"";""F"";17;""U"";""GT3"";""A"";4;4;""other"";""teacher"";""home"";""mother"";2;2;0;""yes"";""yes"";""no"";""no"";""yes"";""yes"";""no"";""no"";4;1;4;1;1;1;6;""6"";""5"";6"
5e403b81614e4b05a0c01b7c,5e403b81614e4b05a0c01b7c,"""GP"";""M"";15;""U"";""LE3"";""A"";3;2;""services"";""other"";""home"";""mother"";1;2;0;""no"";""yes"";""yes"";""no"";""yes"";""yes"";""yes"";""no"";4;2;2;1;1;1;0;""16"";""18"";19"
5e403b81614e4b05a0c01b7d,5e403b81614e4b05a0c01b7d,"""GP"";""M"";15;""U"";""GT3"";""T"";3;4;""other"";""other"";""home"";""mother"";1;2;0;""no"";""yes"";""yes"";""yes"";""yes"";""yes"";""yes"";""no"";5;5;1;1;1;5;0;""14"";""15"";15"
5e403b81614e4b05a0c01b7e,5e403b81614e4b05a0c01b7e,"""GP"";""F"";15;""U"";""GT3"";""T"";4;4;""teacher"";""health"";""reputation"";""mother"";1;2;0;""no"";""yes"";""yes"";""no"";""yes"";""yes"";""yes"";""no"";3;3;3;1;2;2;0;""10"";""8"";9"
5e403b81614e4b05a0c01b7f,5e403b81614e4b05a0c01b7f,"""GP"";""F"";15;""U"";""GT3"";""T"";2;1;""services"";""other"";""reputation"";""father"";3;3;0;""no"";""yes"";""no"";""yes"";""yes"";""yes"";""yes"";""no"";5;2;2;1;1;4;4;""10"";""12"";12"
5e403b81614e4b05a0c01b80,5e403b81614e4b05a0c01b80,"""GP"";""M"";15;""U"";""LE3"";""T"";4;4;""health"";""services"";""course"";""father"";1;1;0;""no"";""yes"";""yes"";""yes"";""yes"";""yes"";""yes"";""no"";4;3;3;1;3;5;2;""14"";""14"";14"
5e403b81614e4b05a0c01b81,5e403b81614e4b05a0c01b81,"""GP"";""M"";15;""U"";""GT3"";""T"";4;3;""teacher"";""other"";""course"";""mother"";2;2;0;""no"";""yes"";""yes"";""no"";""yes"";""yes"";""yes"";""no"";5;4;3;1;2;3;2;""10"";""10"";11"
5e403b81614e4b05a0c01b82,5e403b81614e4b05a0c01b82,"""GP"";""M"";15;""U"";""GT3"";""A"";2;2;""other"";""other"";""home"";""other"";1;3;0;""no"";""yes"";""no"";""no"";""yes"";""yes"";""yes"";""yes"";4;5;2;1;1;3;0;""14"";""16"";16"
5e403b81614e4b05a0c01b83,5e403b81614e4b05a0c01b83,"""GP"";""F"";16;""U"";""GT3"";""T"";4;4;""health"";""other"";""home"";""mother"";1;1;0;""no"";""yes"";""no"";""no"";""yes"";""yes"";""yes"";""no"";4;4;4;1;2;2;4;""14"";""14"";14"
5e403b81614e4b05a0c01b84,5e403b81614e4b05a0c01b84,"""GP"";""F"";16;""U"";""GT3"";""T"";4;4;""services"";""services"";""reputation"";""mother"";1;3;0;""no"";""yes"";""yes"";""yes"";""yes"";""yes"";""yes"";""no"";3;2;3;1;2;2;6;""13"";""14"";14"
5e403b81614e4b05a0c01b85,5e403b81614e4b05a0c01b85,"""GP"";""F"";16;""U"";""GT3"";""T"";3;3;""other"";""other"";""reputation"";""mother"";3;2;0;""yes"";""yes"";""no"";""yes"";""yes"";""yes"";""no"";""no"";5;3;2;1;1;4;4;""8"";""10"";10"
5e403b81614e4b05a0c01b86,5e403b81614e4b05a0c01b86,"""GP"";""M"";17;""U"";""GT3"";""T"";3;2;""services"";""services"";""course"";""mother"";1;1;3;""no"";""yes"";""no"";""yes"";""yes"";""yes"";""yes"";""no"";5;5;5;2;4;5;16;""6"";""5"";5"
5e403b81614e4b05a0c01b87,5e403b81614e4b05a0c01b87,"""GP"";""M"";16;""U"";""LE3"";""T"";4;3;""health"";""other"";""home"";""father"";1;1;0;""no"";""no"";""yes"";""yes"";""yes"";""yes"";""yes"";""no"";3;1;3;1;3;5;4;""8"";""10"";10"
5e403b81614e4b05a0c01b88,5e403b81614e4b05a0c01b88,"""GP"";""M"";15;""U"";""GT3"";""T"";4;3;""teacher"";""other"";""reputation"";""mother"";1;2;0;""no"";""no"";""no"";""no"";""yes"";""yes"";""yes"";""no"";4;4;1;1;1;1;0;""13"";""14"";15"
5e403b81614e4b05a0c01b89,5e403b81614e4b05a0c01b89,"""GP"";""M"";15;""U"";""GT3"";""T"";4;4;""health"";""health"";""other"";""father"";1;1;0;""no"";""yes"";""yes"";""no"";""yes"";""yes"";""yes"";""no"";5;4;2;1;1;5;0;""12"";""15"";15"
5e403b81614e4b05a0c01b8a,5e403b81614e4b05a0c01b8a,"""GP"";""M"";16;""U"";""LE3"";""T"";4;2;""teacher"";""other"";""course"";""mother"";1;2;0;""no"";""no"";""no"";""yes"";""yes"";""yes"";""yes"";""no"";4;5;1;1;3;5;2;""15"";""15"";16"
5e403b81614e4b05a0c01b8b,5e403b81614e4b05a0c01b8b,"""GP"";""M"";16;""U"";""LE3"";""T"";2;2;""other"";""other"";""reputation"";""mother"";2;2;0;""no"";""yes"";""no"";""yes"";""yes"";""yes"";""yes"";""no"";5;4;4;2;4;5;0;""13"";""13"";12"
5e403b81614e4b05a0c01b8c,5e403b81614e4b05a0c01b8c,"""GP"";""F"";15;""R"";""GT3"";""T"";2;4;""services"";""health"";""course"";""mother"";1;3;0;""yes"";""yes"";""yes"";""yes"";""yes"";""yes"";""yes"";""no"";4;3;2;1;1;5;2;""10"";""9"";8"
5e403b81614e4b05a0c01b8d,5e403b81614e4b05a0c01b8d,"""GP"";""F"";16;""U"";""GT3"";""T"";2;2;""services"";""services"";""home"";""mother"";1;1;2;""no"";""yes"";""yes"";""no"";""no"";""yes"";""yes"";""no"";1;2;2;1;3;5;14;""6"";""9"";8"
5e403b81614e4b05a0c01b8e,5e403b81614e4b05a0c01b8e,"""GP"";""M"";15;""U"";""GT3"";""T"";2;2;""other"";""other"";""home"";""mother"";1;1;0;""no"";""yes"";""yes"";""no"";""yes"";""yes"";""yes"";""no"";4;2;2;1;2;5;2;""12"";""12"";11"
5e403b81614e4b05a0c01b8f,5e403b81614e4b05a0c01b8f,"""GP"";""M"";15;""U"";""GT3"";""T"";4;2;""health"";""services"";""other"";""mother"";1;1;0;""no"";""no"";""yes"";""no"";""yes"";""yes"";""yes"";""no"";2;2;4;2;4;1;4;""15"";""16"";15"
5e403b81614e4b05a0c01b90,5e403b81614e4b05a0c01b90,"""GP"";""M"";16;""U"";""LE3"";""A"";3;4;""services"";""other"";""home"";""mother"";1;2;0;""yes"";""yes"";""no"";""yes"";""yes"";""yes"";""yes"";""no"";5;3;3;1;1;5;4;""11"";""11"";11"
5e403b81614e4b05a0c01b91,5e403b81614e4b05a0c01b91,"""GP"";""M"";16;""U"";""GT3"";""T"";4;4;""teacher"";""teacher"";""home"";""mother"";1;2;0;""no"";""yes"";""yes"";""yes"";""yes"";""yes"";""yes"";""yes"";4;4;5;5;5;5;16;""10"";""12"";11"
5e403b81614e4b05a0c01b92,5e403b81614e4b05a0c01b92,"""GP"";""M"";15;""U"";""GT3"";""T"";4;4;""health"";""services"";""home"";""mother"";1;2;0;""no"";""yes"";""yes"";""no"";""no"";""yes"";""yes"";""no"";5;4;2;3;4;5;0;""9"";""11"";12"
5e403b81614e4b05a0c01b93,5e403b81614e4b05a0c01b93,"""GP"";""M"";15;""U"";""GT3"";""T"";4;4;""services"";""services"";""reputation"";""mother"";2;2;0;""no"";""yes"";""no"";""yes"";""yes"";""yes"";""yes"";""no"";4;3;1;1;1;5;0;""17"";""16"";17"
5e403b81614e4b05a0c01b94,5e403b81614e4b05a0c01b94,"""GP"";""M"";15;""R"";""GT3"";""T"";4;3;""teacher"";""at_home"";""course"";""mother"";1;2;0;""no"";""yes"";""no"";""yes"";""yes"";""yes"";""yes"";""yes"";4;5;2;1;1;5;0;""17"";""16"";16"
5e403b81614e4b05a0c01b95,5e403b81614e4b05a0c01b95,"""GP"";""M"";15;""U"";""LE3"";""T"";3;3;""other"";""other"";""course"";""mother"";1;2;0;""no"";""no"";""no"";""yes"";""no"";""yes"";""yes"";""no"";5;3;2;1;1;2;0;""8"";""10"";12"
5e403b81614e4b05a0c01b96,5e403b81614e4b05a0c01b96,"""GP"";""M"";16;""U"";""GT3"";""T"";3;2;""other"";""other"";""home"";""mother"";1;1;0;""no"";""yes"";""yes"";""no"";""no"";""yes"";""yes"";""no"";5;4;3;1;1;5;0;""12"";""14"";15"
5e403b81614e4b05a0c01b97,5e403b81614e4b05a0c01b97,"""GP"";""F"";15;""U"";""GT3"";""T"";2;3;""other"";""other"";""other"";""father"";2;1;0;""no"";""yes"";""no"";""yes"";""yes"";""yes"";""no"";""no"";3;5;1;1;1;5;0;""8"";""7"";6"
5e403b81614e4b05a0c01b98,5e403b81614e4b05a0c01b98,"""GP"";""M"";15;""U"";""LE3"";""T"";4;3;""teacher"";""services"";""home"";""mother"";1;3;0;""no"";""yes"";""no"";""yes"";""yes"";""yes"";""yes"";""no"";5;4;3;1;1;4;2;""15"";""16"";18"
5e403b81614e4b05a0c01b99,5e403b81614e4b05a0c01b99,"""GP"";""M"";16;""R"";""GT3"";""A"";4;4;""other"";""teacher"";""reputation"";""mother"";2;3;0;""no"";""yes"";""no"";""yes"";""yes"";""yes"";""yes"";""yes"";2;4;3;1;1;5;7;""15"";""16"";15"
5e403b81614e4b05a0c01b9a,5e403b81614e4b05a0c01b9a,"""GP"";""F"";15;""R"";""GT3"";""T"";3;4;""services"";""health"";""course"";""mother"";1;3;0;""yes"";""yes"";""yes"";""yes"";""yes"";""yes"";""yes"";""no"";4;3;2;1;1;5;2;""12"";""12"";11"
5e403b81614e4b05a0c01b9b,5e403b81614e4b05a0c01b9b,"""GP"";""F"";15;""R"";""GT3"";""T"";2;2;""at_home"";""other"";""reputation"";""mother"";1;1;0;""yes"";""yes"";""yes"";""yes"";""yes"";""yes"";""no"";""no"";4;3;1;1;1;2;8;""14"";""13"";13"
5e403b81614e4b05a0c01b9c,5e403b81614e4b05a0c01b9c,"""GP"";""F"";16;""U"";""LE3"";""T"";2;2;""other"";""other"";""home"";""mother"";2;2;1;""no"";""yes"";""no"";""yes"";""no"";""yes"";""yes"";""yes"";3;3;3;1;2;3;25;""7"";""10"";11"
5e403b81614e4b05a0c01b9d,5e403b81614e4b05a0c01b9d,"""GP"";""M"";15;""U"";""LE3"";""T"";4;4;""teacher"";""other"";""home"";""other"";1;1;0;""no"";""yes"";""no"";""no"";""no"";""yes"";""yes"";""yes"";5;4;3;2;4;5;8;""12"";""12"";12"
5e403b81614e4b05a0c01b9e,5e403b81614e4b05a0c01b9e,"""GP"";""M"";15;""U"";""GT3"";""T"";4;4;""services"";""teacher"";""course"";""father"";1;2;0;""no"";""yes"";""no"";""yes"";""yes"";""yes"";""yes"";""no"";4;3;3;1;1;5;2;""19"";""18"";18"
5e403b81614e4b05a0c01b9f,5e403b81614e4b05a0c01b9f,"""GP"";""M"";15;""U"";""GT3"";""T"";2;2;""services"";""services"";""course"";""father"";1;1;0;""yes"";""yes"";""no"";""no"";""yes"";""yes"";""yes"";""no"";5;4;1;1;1;1;0;""8"";""8"";11"
5e403b81614e4b05a0c01ba0,5e403b81614e4b05a0c01ba0,"""GP"";""F"";16;""U"";""LE3"";""T"";2;2;""other"";""at_home"";""course"";""father"";2;2;1;""yes"";""no"";""no"";""yes"";""yes"";""yes"";""yes"";""no"";4;3;3;2;2;5;14;""10"";""10"";9"
5e403b81614e4b05a0c01ba1,5e403b81614e4b05a0c01ba1,"""GP"";""F"";15;""U"";""LE3"";""A"";4;3;""other"";""other"";""course"";""mother"";1;2;0;""yes"";""yes"";""yes"";""yes"";""yes"";""yes"";""yes"";""yes"";5;2;2;1;1;5;8;""8"";""8"";6"
5e403b81614e4b05a0c01ba2,5e403b81614e4b05a0c01ba2,"""GP"";""F"";16;""U"";""LE3"";""A"";3;3;""other"";""services"";""home"";""mother"";1;2;0;""no"";""yes"";""no"";""no"";""yes"";""yes"";""yes"";""no"";2;3;5;1;4;3;12;""11"";""12"";11"
5e403b81614e4b05a0c01ba3,5e403b81614e4b05a0c01ba3,"""GP"";""M"";16;""U"";""GT3"";""T"";4;3;""health"";""services"";""reputation"";""mother"";1;4;0;""no"";""no"";""no"";""yes"";""yes"";""yes"";""yes"";""no"";4;2;2;1;1;2;4;""19"";""19"";20"
5e403b81614e4b05a0c01ba4,5e403b81614e4b05a0c01ba4,"""GP"";""M"";15;""U"";""GT3"";""T"";4;2;""teacher"";""other"";""home"";""mother"";1;2;0;""no"";""yes"";""yes"";""no"";""yes"";""yes"";""no"";""no"";4;3;3;2;2;5;2;""15"";""15"";14"
5e403b81614e4b05a0c01ba5,5e403b81614e4b05a0c01ba5,"""GP"";""F"";15;""U"";""GT3"";""T"";4;4;""services"";""teacher"";""other"";""father"";1;2;1;""yes"";""yes"";""no"";""yes"";""no"";""yes"";""yes"";""no"";4;4;4;1;1;3;2;""7"";""7"";7"
5e403b81614e4b05a0c01ba6,5e403b81614e4b05a0c01ba6,"""GP"";""F"";16;""U"";""LE3"";""T"";2;2;""services"";""services"";""course"";""mother"";3;2;0;""no"";""yes"";""yes"";""no"";""yes"";""yes"";""yes"";""no"";4;3;3;2;3;4;2;""12"";""13"";13"
5e403b81614e4b05a0c01ba7,5e403b81614e4b05a0c01ba7,"""GP"";""F"";15;""U"";""LE3"";""T"";4;2;""health"";""other"";""other"";""mother"";1;2;0;""no"";""yes"";""yes"";""no"";""yes"";""yes"";""yes"";""no"";4;3;3;1;1;5;2;""11"";""13"";13"
5e403b81614e4b05a0c01ba8,5e403b81614e4b05a0c01ba8,"""GP"";""M"";15;""U"";""LE3"";""A"";4;2;""health"";""health"";""other"";""father"";2;1;1;""no"";""no"";""no"";""no"";""yes"";""yes"";""no"";""no"";5;5;5;3;4;5;6;""11"";""11"";10"
5e403b81614e4b05a0c01ba9,5e403b81614e4b05a0c01ba9,"""GP"";""F"";15;""U"";""GT3"";""T"";4;4;""services"";""services"";""course"";""mother"";1;1;0;""yes"";""yes"";""yes"";""no"";""yes"";""yes"";""yes"";""no"";3;3;4;2;3;5;0;""8"";""10"";11"
5e403b81614e4b05a0c01baa,5e403b81614e4b05a0c01baa,"""GP"";""F"";15;""U"";""LE3"";""A"";3;3;""other"";""other"";""other"";""mother"";1;1;0;""no"";""no"";""yes"";""no"";""yes"";""yes"";""yes"";""no"";5;3;4;4;4;1;6;""10"";""13"";13"
5e403b81614e4b05a0c01bab,5e403b81614e4b05a0c01bab,"""GP"";""F"";16;""U"";""GT3"";""A"";2;1;""other"";""other"";""other"";""mother"";1;2;0;""no"";""no"";""yes"";""yes"";""yes"";""yes"";""yes"";""yes"";5;3;4;1;1;2;8;""8"";""9"";10"
5e403b81614e4b05a0c01bac,5e403b81614e4b05a0c01bac,"""GP"";""F"";15;""U"";""GT3"";""A"";4;3;""services"";""services"";""reputation"";""mother"";1;2;0;""no"";""yes"";""yes"";""yes"";""yes"";""yes"";""yes"";""no"";4;3;2;1;1;1;0;""14"";""15"";15"
5e403b81614e4b05a0c01bad,5e403b81614e4b05a0c01bad,"""GP"";""M"";15;""U"";""GT3"";""T"";4;4;""teacher"";""health"";""reputation"";""mother"";1;2;0;""no"";""yes"";""no"";""yes"";""yes"";""yes"";""no"";""no"";3;2;2;1;1;5;4;""14"";""15"";15"
5e403b81614e4b05a0c01bae,5e403b81614e4b05a0c01bae,"""GP"";""M"";15;""U"";""LE3"";""T"";1;2;""other"";""at_home"";""home"";""father"";1;2;0;""yes"";""yes"";""no"";""yes"";""yes"";""yes"";""yes"";""no"";4;3;2;1;1;5;2;""9"";""10"";9"
5e403b81614e4b05a0c01baf,5e403b81614e4b05a0c01baf,"""GP"";""F"";16;""U"";""GT3"";""T"";4;2;""services"";""other"";""course"";""mother"";1;2;0;""no"";""yes"";""no"";""no"";""yes"";""yes"";""yes"";""no"";4;2;3;1;1;5;2;""15"";""16"";16"
5e403b81614e4b05a0c01bb0,5e403b81614e4b05a0c01bb0,"""GP"";""F"";16;""R"";""GT3"";""T"";4;4;""health"";""teacher"";""other"";""mother"";1;2;0;""no"";""yes"";""no"";""yes"";""yes"";""yes"";""no"";""no"";2;4;4;2;3;4;6;""10"";""11"";11"
5e403b81614e4b05a0c01bb1,5e403b81614e4b05a0c01bb1,"""GP"";""F"";16;""U"";""GT3"";""T"";1;1;""services"";""services"";""course"";""father"";4;1;0;""yes"";""yes"";""no"";""yes"";""no"";""yes"";""yes"";""yes"";5;5;5;5;5;5;6;""10"";""8"";11"
5e403b81614e4b05a0c01bb2,5e403b81614e4b05a0c01bb2,"""GP"";""F"";16;""U"";""LE3"";""T"";1;2;""other"";""services"";""reputation"";""father"";1;2;0;""yes"";""no"";""no"";""yes"";""yes"";""yes"";""yes"";""no"";4;4;3;1;1;1;4;""8"";""10"";9"
5e403b81614e4b05a0c01bb3,5e403b81614e4b05a0c01bb3,"""GP"";""F"";16;""U"";""GT3"";""T"";4;3;""teacher"";""health"";""home"";""mother"";1;3;0;""yes"";""yes"";""yes"";""yes"";""yes"";""yes"";""yes"";""no"";3;4;4;2;4;4;2;""10"";""9"";9"
5e403b81614e4b05a0c01bb4,5e403b81614e4b05a0c01bb4,"""GP"";""F"";15;""U"";""LE3"";""T"";4;3;""services"";""services"";""reputation"";""father"";1;2;0;""yes"";""no"";""no"";""yes"";""yes"";""yes"";""yes"";""yes"";4;4;4;2;4;2;0;""10"";""10"";10"
5e403b81614e4b05a0c01bb5,5e403b81614e4b05a0c01bb5,"""GP"";""F"";16;""U"";""LE3"";""T"";4;3;""teacher"";""services"";""course"";""mother"";3;2;0;""no"";""yes"";""no"";""yes"";""yes"";""yes"";""yes"";""no"";5;4;3;1;2;1;2;""16"";""15"";15"
5e403b81614e4b05a0c01bb6,5e403b81614e4b05a0c01bb6,"""GP"";""M"";15;""U"";""GT3"";""A"";4;4;""other"";""services"";""reputation"";""mother"";1;4;0;""no"";""yes"";""no"";""yes"";""no"";""yes"";""yes"";""yes"";1;3;3;5;5;3;4;""13"";""13"";12"
5e403b81614e4b05a0c01bb7,5e403b81614e4b05a0c01bb7,"""GP"";""F"";16;""U"";""GT3"";""T"";3;1;""services"";""other"";""course"";""mother"";1;4;0;""yes"";""yes"";""yes"";""no"";""yes"";""yes"";""yes"";""no"";4;3;3;1;2;5;4;""7"";""7"";6"
5e403b81614e4b05a0c01bb8,5e403b81614e4b05a0c01bb8,"""GP"";""F"";15;""R"";""LE3"";""T"";2;2;""health"";""services"";""reputation"";""mother"";2;2;0;""yes"";""yes"";""yes"";""no"";""yes"";""yes"";""yes"";""no"";4;1;3;1;3;4;2;""8"";""9"";8"
5e403b81614e4b05a0c01bb9,5e403b81614e4b05a0c01bb9,"""GP"";""F"";15;""R"";""LE3"";""T"";3;1;""other"";""other"";""reputation"";""father"";2;4;0;""no"";""yes"";""no"";""no"";""no"";""yes"";""yes"";""no"";4;4;2;2;3;3;12;""16"";""16"";16"
5e403b81614e4b05a0c01bba,5e403b81614e4b05a0c01bba,"""GP"";""M"";16;""U"";""GT3"";""T"";3;1;""other"";""other"";""reputation"";""father"";2;4;0;""no"";""yes"";""yes"";""no"";""yes"";""yes"";""yes"";""no"";4;3;2;1;1;5;0;""13"";""15"";15"
5e403b81614e4b05a0c01bbb,5e403b81614e4b05a0c01bbb,"""GP"";""M"";15;""U"";""GT3"";""T"";4;2;""other"";""other"";""course"";""mother"";1;4;0;""no"";""no"";""no"";""no"";""yes"";""yes"";""yes"";""no"";3;3;3;1;1;3;0;""10"";""10"";10"
5e403b81614e4b05a0c01bbc,5e403b81614e4b05a0c01bbc,"""GP"";""F"";15;""R"";""GT3"";""T"";1;1;""other"";""other"";""reputation"";""mother"";1;2;2;""yes"";""yes"";""no"";""no"";""no"";""yes"";""yes"";""yes"";3;3;4;2;4;5;2;""8"";""6"";5"
5e403b81614e4b05a0c01bbd,5e403b81614e4b05a0c01bbd,"""GP"";""M"";16;""U"";""GT3"";""T"";3;1;""other"";""other"";""reputation"";""mother"";1;1;0;""no"";""no"";""no"";""yes"";""yes"";""yes"";""no"";""no"";5;3;2;2;2;5;2;""12"";""12"";14"
5e403b81614e4b05a0c01bbe,5e403b81614e4b05a0c01bbe,"""GP"";""F"";16;""U"";""GT3"";""T"";3;3;""other"";""services"";""home"";""mother"";1;2;0;""yes"";""yes"";""yes"";""yes"";""yes"";""yes"";""yes"";""no"";4;3;3;2;4;5;54;""11"";""12"";11"
5e403b81614e4b05a0c01bbf,5e403b81614e4b05a0c01bbf,"""GP"";""M"";15;""U"";""GT3"";""T"";4;3;""teacher"";""other"";""home"";""mother"";1;2;0;""no"";""yes"";""yes"";""yes"";""yes"";""yes"";""yes"";""no"";4;3;3;2;3;5;6;""9"";""9"";10"
5e403b81614e4b05a0c01bc0,5e403b81614e4b05a0c01bc0,"""GP"";""M"";15;""U"";""GT3"";""T"";4;0;""teacher"";""other"";""course"";""mother"";2;4;0;""no"";""no"";""no"";""yes"";""yes"";""yes"";""yes"";""no"";3;4;3;1;1;1;8;""11"";""11"";10"
5e403b81614e4b05a0c01bc1,5e403b81614e4b05a0c01bc1,"""GP"";""F"";16;""U"";""GT3"";""T"";2;2;""other"";""other"";""reputation"";""mother"";1;4;0;""no"";""no"";""yes"";""no"";""yes"";""yes"";""yes"";""yes"";5;2;3;1;3;3;0;""11"";""11"";11"
5e403b81614e4b05a0c01bc2,5e403b81614e4b05a0c01bc2,"""GP"";""M"";17;""U"";""GT3"";""T"";2;1;""other"";""other"";""home"";""mother"";2;1;3;""yes"";""yes"";""no"";""yes"";""yes"";""no"";""yes"";""no"";4;5;1;1;1;3;2;""8"";""8"";10"
5e403b81614e4b05a0c01bc3,5e403b81614e4b05a0c01bc3,"""GP"";""F"";16;""U"";""GT3"";""T"";3;4;""at_home"";""other"";""course"";""mother"";1;2;0;""no"";""yes"";""no"";""no"";""yes"";""yes"";""yes"";""no"";2;4;3;1;2;3;12;""5"";""5"";5"
5e403b81614e4b05a0c01bc4,5e403b81614e4b05a0c01bc4,"""GP"";""M"";15;""U"";""GT3"";""T"";2;3;""other"";""services"";""course"";""father"";1;1;0;""yes"";""yes"";""yes"";""yes"";""no"";""yes"";""yes"";""yes"";3;2;2;1;3;3;2;""10"";""12"";12"
5e403b81614e4b05a0c01bc5,5e403b81614e4b05a0c01bc5,"""GP"";""M"";15;""U"";""GT3"";""T"";2;3;""other"";""other"";""home"";""mother"";1;3;0;""yes"";""no"";""yes"";""no"";""no"";""yes"";""yes"";""no"";5;3;2;1;2;5;4;""11"";""10"";11"
5e403b81614e4b05a0c01bc6,5e403b81614e4b05a0c01bc6,"""GP"";""F"";15;""U"";""LE3"";""T"";3;2;""services"";""other"";""reputation"";""mother"";1;2;0;""no"";""yes"";""yes"";""no"";""yes"";""yes"";""yes"";""no"";4;4;4;1;1;5;10;""7"";""6"";6"
5e403b81614e4b05a0c01bc7,5e403b81614e4b05a0c01bc7,"""GP"";""M"";15;""U"";""LE3"";""T"";2;2;""services"";""services"";""home"";""mother"";2;2;0;""no"";""no"";""yes"";""yes"";""yes"";""yes"";""yes"";""no"";5;3;3;1;3;4;4;""15"";""15"";15"
5e403b81614e4b05a0c01bc8,5e403b81614e4b05a0c01bc8,"""GP"";""F"";15;""U"";""GT3"";""T"";1;1;""other"";""other"";""home"";""father"";1;2;0;""no"";""yes"";""no"";""yes"";""no"";""yes"";""yes"";""no"";4;3;2;2;3;4;2;""9"";""10"";10"
5e403b81614e4b05a0c01bc9,5e403b81614e4b05a0c01bc9,"""GP"";""F"";15;""U"";""GT3"";""T"";4;4;""services"";""services"";""reputation"";""father"";2;2;2;""no"";""no"";""yes"";""no"";""yes"";""yes"";""yes"";""yes"";4;4;4;2;3;5;6;""7"";""9"";8"
5e403b81614e4b05a0c01bca,5e403b81614e4b05a0c01bca,"""GP"";""F"";16;""U"";""LE3"";""T"";2;2;""at_home"";""other"";""course"";""mother"";1;2;0;""no"";""yes"";""no"";""no"";""yes"";""yes"";""no"";""no"";4;3;4;1;2;2;4;""8"";""7"";6"
5e403b81614e4b05a0c01bcb,5e403b81614e4b05a0c01bcb,"""GP"";""F"";15;""U"";""GT3"";""T"";4;2;""other"";""other"";""reputation"";""mother"";1;3;0;""no"";""yes"";""no"";""yes"";""yes"";""yes"";""yes"";""no"";5;3;3;1;3;1;4;""13"";""14"";14"
5e403b81614e4b05a0c01bcc,5e403b81614e4b05a0c01bcc,"""GP"";""M"";16;""U"";""GT3"";""T"";2;2;""services"";""other"";""reputation"";""father"";2;2;1;""no"";""no"";""yes"";""yes"";""no"";""yes"";""yes"";""no"";4;4;2;1;1;3;12;""11"";""10"";10"
5e403b81614e4b05a0c01bcd,5e403b81614e4b05a0c01bcd,"""GP"";""M"";16;""U"";""LE3"";""A"";4;4;""teacher"";""health"";""reputation"";""mother"";1;2;0;""no"";""yes"";""no"";""no"";""yes"";""yes"";""no"";""no"";4;1;3;3;5;5;18;""8"";""6"";7"
5e403b81614e4b05a0c01bce,5e403b81614e4b05a0c01bce,"""GP"";""F"";16;""U"";""GT3"";""T"";3;3;""other"";""other"";""home"";""mother"";1;3;0;""no"";""yes"";""yes"";""no"";""yes"";""yes"";""yes"";""yes"";4;3;3;1;3;4;0;""7"";""7"";8"
5e403b81614e4b05a0c01bcf,5e403b81614e4b05a0c01bcf,"""GP"";""F"";15;""U"";""GT3"";""T"";4;3;""services"";""other"";""reputation"";""mother"";1;1;0;""no"";""no"";""yes"";""yes"";""yes"";""yes"";""yes"";""no"";4;5;5;1;3;1;4;""16"";""17"";18"
5e403b81614e4b05a0c01bd0,5e403b81614e4b05a0c01bd0,"""GP"";""F"";16;""U"";""LE3"";""T"";3;1;""other"";""other"";""home"";""father"";1;2;0;""yes"";""yes"";""no"";""no"";""yes"";""yes"";""no"";""no"";3;3;3;2;3;2;4;""7"";""6"";6"
5e403b81614e4b05a0c01bd1,5e403b81614e4b05a0c01bd1,"""GP"";""F"";16;""U"";""GT3"";""T"";4;2;""teacher"";""services"";""home"";""mother"";2;2;0;""no"";""yes"";""yes"";""yes"";""yes"";""yes"";""yes"";""no"";5;3;3;1;1;1;0;""11"";""10"";10"
5e403b81614e4b05a0c01bd2,5e403b81614e4b05a0c01bd2,"""GP"";""M"";15;""U"";""LE3"";""T"";2;2;""services"";""health"";""reputation"";""mother"";1;4;0;""no"";""yes"";""no"";""yes"";""yes"";""yes"";""yes"";""no"";4;3;4;1;1;4;6;""11"";""13"";14"
5e403b81614e4b05a0c01bd3,5e403b81614e4b05a0c01bd3,"""GP"";""F"";15;""R"";""GT3"";""T"";1;1;""at_home"";""other"";""home"";""mother"";2;4;1;""yes"";""yes"";""yes"";""yes"";""yes"";""yes"";""yes"";""no"";3;1;2;1;1;1;2;""7"";""10"";10"
5e403b81614e4b05a0c01bd4,5e403b81614e4b05a0c01bd4,"""GP"";""M"";16;""R"";""GT3"";""T"";4;3;""services"";""other"";""reputation"";""mother"";2;1;0;""yes"";""yes"";""no"";""yes"";""no"";""yes"";""yes"";""no"";3;3;3;1;1;4;2;""11"";""15"";15"
5e403b81614e4b05a0c01bd5,5e403b81614e4b05a0c01bd5,"""GP"";""F"";16;""U"";""GT3"";""T"";2;1;""other"";""other"";""course"";""mother"";1;2;0;""no"";""yes"";""yes"";""no"";""yes"";""yes"";""no"";""yes"";4;3;5;1;1;5;2;""8"";""9"";10"
5e403b81614e4b05a0c01bd6,5e403b81614e4b05a0c01bd6,"""GP"";""F"";16;""U"";""GT3"";""T"";4;4;""other"";""other"";""reputation"";""mother"";1;1;0;""no"";""no"";""no"";""yes"";""no"";""yes"";""yes"";""no"";5;3;4;1;2;1;6;""11"";""14"";14"
5e403b81614e4b05a0c01bd7,5e403b81614e4b05a0c01bd7,"""GP"";""F"";16;""U"";""GT3"";""T"";4;3;""other"";""at_home"";""course"";""mother"";1;3;0;""yes"";""yes"";""yes"";""no"";""yes"";""yes"";""yes"";""no"";5;3;5;1;1;3;0;""7"";""9"";8"
5e403b81614e4b05a0c01bd8,5e403b81614e4b05a0c01bd8,"""GP"";""M"";16;""U"";""GT3"";""T"";4;4;""services"";""services"";""other"";""mother"";1;1;0;""yes"";""yes"";""yes"";""yes"";""yes"";""yes"";""yes"";""no"";4;5;5;5;5;4;14;""7"";""7"";5"
5e403b81614e4b05a0c01bd9,5e403b81614e4b05a0c01bd9,"""GP"";""M"";16;""U"";""GT3"";""T"";4;4;""services"";""teacher"";""other"";""father"";1;3;0;""no"";""yes"";""no"";""yes"";""yes"";""yes"";""yes"";""yes"";4;4;3;1;1;4;0;""16"";""17"";17"
5e403b81614e4b05a0c01bda,5e403b81614e4b05a0c01bda,"""GP"";""M"";15;""U"";""GT3"";""T"";4;4;""services"";""other"";""course"";""mother"";1;1;0;""no"";""yes"";""no"";""yes"";""no"";""yes"";""yes"";""no"";5;3;3;1;1;5;4;""10"";""13"";14"
5e403b81614e4b05a0c01bdb,5e403b81614e4b05a0c01bdb,"""GP"";""F"";15;""U"";""GT3"";""T"";3;2;""services"";""other"";""home"";""mother"";2;2;0;""yes"";""yes"";""yes"";""no"";""yes"";""yes"";""yes"";""no"";4;3;5;1;1;2;26;""7"";""6"";6"
5e403b81614e4b05a0c01bdc,5e403b81614e4b05a0c01bdc,"""GP"";""M"";15;""U"";""GT3"";""A"";3;4;""services"";""other"";""course"";""mother"";1;2;0;""no"";""yes"";""yes"";""yes"";""yes"";""yes"";""yes"";""no"";5;4;4;1;1;1;0;""16"";""18"";18"
5e403b81614e4b05a0c01bdd,5e403b81614e4b05a0c01bdd,"""GP"";""F"";15;""U"";""GT3"";""A"";3;3;""other"";""health"";""reputation"";""father"";1;4;0;""yes"";""no"";""no"";""no"";""yes"";""yes"";""no"";""no"";4;3;3;1;1;4;10;""10"";""11"";11"
5e403b81614e4b05a0c01bde,5e403b81614e4b05a0c01bde,"""GP"";""F"";15;""U"";""GT3"";""T"";2;2;""other"";""other"";""course"";""mother"";1;4;0;""yes"";""yes"";""yes"";""no"";""yes"";""yes"";""yes"";""no"";5;1;2;1;1;3;8;""7"";""8"";8"
5e403b81614e4b05a0c01bdf,5e403b81614e4b05a0c01bdf,"""GP"";""M"";16;""U"";""GT3"";""T"";3;3;""services"";""other"";""home"";""father"";1;3;0;""no"";""yes"";""no"";""yes"";""yes"";""yes"";""yes"";""no"";5;3;3;1;1;5;2;""16"";""18"";18"
5e403b81614e4b05a0c01be0,5e403b81614e4b05a0c01be0,"""GP"";""M"";15;""R"";""GT3"";""T"";4;4;""other"";""other"";""home"";""father"";4;4;0;""no"";""yes"";""yes"";""yes"";""yes"";""yes"";""yes"";""yes"";1;3;5;3;5;1;6;""10"";""13"";13"
5e403b81614e4b05a0c01be1,5e403b81614e4b05a0c01be1,"""GP"";""F"";16;""U"";""LE3"";""T"";4;4;""health"";""health"";""other"";""mother"";1;3;0;""no"";""yes"";""yes"";""yes"";""yes"";""yes"";""yes"";""yes"";5;4;5;1;1;4;4;""14"";""15"";16"
5e403b81614e4b05a0c01be2,5e403b81614e4b05a0c01be2,"""GP"";""M"";15;""U"";""LE3"";""A"";4;4;""teacher"";""teacher"";""course"";""mother"";1;1;0;""no"";""no"";""no"";""yes"";""yes"";""yes"";""yes"";""no"";5;5;3;1;1;4;6;""18"";""19"";19"
5e403b81614e4b05a0c01be3,5e403b81614e4b05a0c01be3,"""GP"";""F"";16;""R"";""GT3"";""T"";3;3;""services"";""other"";""reputation"";""father"";1;3;1;""yes"";""yes"";""no"";""yes"";""yes"";""yes"";""yes"";""no"";4;1;2;1;1;2;0;""7"";""10"";10"
5e403b81614e4b05a0c01be4,5e403b81614e4b05a0c01be4,"""GP"";""F"";16;""U"";""GT3"";""T"";2;2;""at_home"";""other"";""home"";""mother"";1;2;1;""yes"";""no"";""no"";""yes"";""yes"";""yes"";""yes"";""no"";3;1;2;1;1;5;6;""10"";""13"";13"
5e403b81614e4b05a0c01be5,5e403b81614e4b05a0c01be5,"""GP"";""M"";15;""U"";""LE3"";""T"";4;2;""teacher"";""other"";""course"";""mother"";1;1;0;""no"";""no"";""no"";""no"";""yes"";""yes"";""yes"";""no"";3;5;2;1;1;3;10;""18"";""19"";19"
5e403b81614e4b05a0c01be6,5e403b81614e4b05a0c01be6,"""GP"";""M"";15;""R"";""GT3"";""T"";2;1;""health"";""services"";""reputation"";""mother"";1;2;0;""no"";""no"";""no"";""yes"";""yes"";""yes"";""yes"";""yes"";5;4;2;1;1;5;8;""9"";""9"";9"
5e403b81614e4b05a0c01be7,5e403b81614e4b05a0c01be7,"""GP"";""M"";16;""U"";""GT3"";""T"";4;4;""teacher"";""teacher"";""course"";""father"";1;2;0;""no"";""yes"";""no"";""yes"";""yes"";""yes"";""yes"";""no"";5;4;4;1;2;5;2;""15"";""15"";16"
5e403b81614e4b05a0c01be8,5e403b81614e4b05a0c01be8,"""GP"";""M"";15;""U"";""GT3"";""T"";4;4;""other"";""teacher"";""reputation"";""father"";2;2;0;""no"";""yes"";""no"";""yes"";""yes"";""yes"";""no"";""no"";4;4;3;1;1;2;2;""11"";""13"";14"
5e403b81614e4b05a0c01be9,5e403b81614e4b05a0c01be9,"""GP"";""M"";16;""U"";""GT3"";""T"";3;3;""other"";""services"";""home"";""father"";2;1;0;""no"";""no"";""no"";""yes"";""yes"";""yes"";""yes"";""no"";5;4;2;1;1;5;0;""13"";""14"";13"
5e403b81614e4b05a0c01bea,5e403b81614e4b05a0c01bea,"""GP"";""M"";17;""R"";""GT3"";""T"";1;3;""other"";""other"";""course"";""father"";3;2;1;""no"";""yes"";""no"";""yes"";""yes"";""yes"";""yes"";""no"";5;2;4;1;4;5;20;""9"";""7"";8"
5e403b81614e4b05a0c01beb,5e403b81614e4b05a0c01beb,"""GP"";""M"";15;""U"";""GT3"";""T"";3;4;""other"";""other"";""reputation"";""father"";1;1;0;""no"";""no"";""no"";""no"";""yes"";""yes"";""yes"";""no"";3;4;3;1;2;4;6;""14"";""13"";13"
5e403b81614e4b05a0c01bec,5e403b81614e4b05a0c01bec,"""GP"";""F"";15;""U"";""GT3"";""T"";1;2;""at_home"";""services"";""course"";""mother"";1;2;0;""no"";""no"";""no"";""no"";""no"";""yes"";""yes"";""no"";3;2;3;1;2;1;2;""16"";""15"";15"
5e403b81614e4b05a0c01bed,5e403b81614e4b05a0c01bed,"""GP"";""M"";15;""U"";""GT3"";""T"";2;2;""services"";""services"";""home"";""father"";1;4;0;""no"";""yes"";""yes"";""yes"";""yes"";""yes"";""yes"";""no"";5;5;4;1;2;5;6;""16"";""14"";15"
5e403b81614e4b05a0c01bee,5e403b81614e4b05a0c01bee,"""GP"";""F"";16;""U"";""LE3"";""T"";2;4;""other"";""health"";""course"";""father"";2;2;0;""no"";""yes"";""yes"";""yes"";""yes"";""yes"";""yes"";""yes"";4;2;2;1;2;5;2;""13"";""13"";13"
5e403b81614e4b05a0c01bef,5e403b81614e4b05a0c01bef,"""GP"";""M"";16;""U"";""GT3"";""T"";4;4;""health"";""other"";""course"";""mother"";1;1;0;""no"";""yes"";""no"";""yes"";""yes"";""yes"";""yes"";""no"";3;4;4;1;4;5;18;""14"";""11"";13"
5e403b81614e4b05a0c01bf0,5e403b81614e4b05a0c01bf0,"""GP"";""F"";16;""U"";""GT3"";""T"";2;2;""other"";""other"";""home"";""mother"";1;2;0;""no"";""no"";""yes"";""no"";""yes"";""yes"";""yes"";""yes"";5;4;4;1;1;5;0;""8"";""7"";8"
5e403b81614e4b05a0c01bf1,5e403b81614e4b05a0c01bf1,"""GP"";""M"";15;""U"";""GT3"";""T"";3;4;""services"";""services"";""home"";""father"";1;1;0;""yes"";""no"";""no"";""no"";""yes"";""yes"";""yes"";""no"";5;5;5;3;2;5;0;""13"";""13"";12"
5e403b81614e4b05a0c01bf2,5e403b81614e4b05a0c01bf2,"""GP"";""F"";15;""U"";""LE3"";""A"";3;4;""other"";""other"";""home"";""mother"";1;2;0;""yes"";""no"";""no"";""yes"";""yes"";""yes"";""yes"";""yes"";5;3;2;1;1;1;0;""7"";""10"";11"
5e403b81614e4b05a0c01bf3,5e403b81614e4b05a0c01bf3,"""GP"";""F"";19;""U"";""GT3"";""T"";0;1;""at_home"";""other"";""course"";""other"";1;2;3;""no"";""yes"";""no"";""no"";""no"";""no"";""no"";""no"";3;4;2;1;1;5;2;""7"";""8"";9"
5e403b81614e4b05a0c01bf4,5e403b81614e4b05a0c01bf4,"""GP"";""M"";18;""R"";""GT3"";""T"";2;2;""services"";""other"";""reputation"";""mother"";1;1;2;""no"";""yes"";""no"";""yes"";""yes"";""yes"";""yes"";""no"";3;3;3;1;2;4;0;""7"";""4"";0"
5e403b81614e4b05a0c01bf5,5e403b81614e4b05a0c01bf5,"""GP"";""M"";16;""R"";""GT3"";""T"";4;4;""teacher"";""teacher"";""course"";""mother"";1;1;0;""no"";""no"";""yes"";""yes"";""yes"";""yes"";""yes"";""no"";3;5;5;2;5;4;8;""18"";""18"";18"
5e403b81614e4b05a0c01bf6,5e403b81614e4b05a0c01bf6,"""GP"";""F"";15;""R"";""GT3"";""T"";3;4;""services"";""teacher"";""course"";""father"";2;3;2;""no"";""yes"";""no"";""no"";""yes"";""yes"";""yes"";""yes"";4;2;2;2;2;5;0;""12"";""0"";0"
5e403b81614e4b05a0c01bf7,5e403b81614e4b05a0c01bf7,"""GP"";""F"";15;""U"";""GT3"";""T"";1;1;""at_home"";""other"";""course"";""mother"";3;1;0;""no"";""yes"";""no"";""yes"";""no"";""yes"";""yes"";""yes"";4;3;3;1;2;4;0;""8"";""0"";0"
5e403b81614e4b05a0c01bf8,5e403b81614e4b05a0c01bf8,"""GP"";""F"";17;""U"";""LE3"";""T"";2;2;""other"";""other"";""course"";""father"";1;1;0;""no"";""yes"";""no"";""no"";""yes"";""yes"";""yes"";""yes"";3;4;4;1;3;5;12;""10"";""13"";12"
5e403b81614e4b05a0c01bf9,5e403b81614e4b05a0c01bf9,"""GP"";""F"";16;""U"";""GT3"";""A"";3;4;""services"";""other"";""course"";""father"";1;1;0;""no"";""no"";""no"";""no"";""yes"";""yes"";""yes"";""no"";3;2;1;1;4;5;16;""12"";""11"";11"
5e403b81614e4b05a0c01bfa,5e403b81614e4b05a0c01bfa,"""GP"";""M"";15;""R"";""GT3"";""T"";3;4;""at_home"";""teacher"";""course"";""mother"";4;2;0;""no"";""yes"";""no"";""no"";""yes"";""yes"";""no"";""yes"";5;3;3;1;1;5;0;""9"";""0"";0"
5e403b81614e4b05a0c01bfb,5e403b81614e4b05a0c01bfb,"""GP"";""F"";15;""U"";""GT3"";""T"";4;4;""services"";""at_home"";""course"";""mother"";1;3;0;""no"";""yes"";""no"";""yes"";""yes"";""yes"";""yes"";""yes"";4;3;3;1;1;5;0;""11"";""0"";0"
5e403b81614e4b05a0c01bfc,5e403b81614e4b05a0c01bfc,"""GP"";""M"";17;""R"";""GT3"";""T"";3;4;""at_home"";""other"";""course"";""mother"";3;2;0;""no"";""no"";""no"";""no"";""yes"";""yes"";""no"";""no"";5;4;5;2;4;5;0;""10"";""0"";0"
5e403b81614e4b05a0c01bfd,5e403b81614e4b05a0c01bfd,"""GP"";""F"";16;""U"";""GT3"";""A"";3;3;""other"";""other"";""course"";""other"";2;1;2;""no"";""yes"";""no"";""yes"";""no"";""yes"";""yes"";""yes"";4;3;2;1;1;5;0;""4"";""0"";0"
5e403b81614e4b05a0c01bfe,5e403b81614e4b05a0c01bfe,"""GP"";""M"";16;""U"";""LE3"";""T"";1;1;""services"";""other"";""course"";""mother"";1;2;1;""no"";""no"";""no"";""no"";""yes"";""yes"";""no"";""yes"";4;4;4;1;3;5;0;""14"";""12"";12"
5e403b81614e4b05a0c01bff,5e403b81614e4b05a0c01bff,"""GP"";""F"";15;""U"";""GT3"";""T"";4;4;""teacher"";""teacher"";""course"";""mother"";2;1;0;""no"";""no"";""no"";""yes"";""yes"";""yes"";""yes"";""no"";4;3;2;1;1;5;0;""16"";""16"";15"
5e403b81614e4b05a0c01c00,5e403b81614e4b05a0c01c00,"""GP"";""M"";15;""U"";""GT3"";""T"";4;3;""teacher"";""services"";""course"";""father"";2;4;0;""yes"";""yes"";""no"";""no"";""yes"";""yes"";""yes"";""no"";2;2;2;1;1;3;0;""7"";""9"";0"
5e403b81614e4b05a0c01c01,5e403b81614e4b05a0c01c01,"""GP"";""M"";16;""U"";""LE3"";""T"";2;2;""services"";""services"";""reputation"";""father"";2;1;2;""no"";""yes"";""no"";""yes"";""yes"";""yes"";""yes"";""no"";2;3;3;2;2;2;8;""9"";""9"";9"
5e403b81614e4b05a0c01c02,5e403b81614e4b05a0c01c02,"""GP"";""F"";15;""U"";""GT3"";""T"";4;4;""teacher"";""services"";""course"";""mother"";1;3;0;""no"";""yes"";""yes"";""yes"";""yes"";""yes"";""yes"";""no"";4;2;2;1;1;5;2;""9"";""11"";11"
5e403b81614e4b05a0c01c03,5e403b81614e4b05a0c01c03,"""GP"";""F"";16;""U"";""LE3"";""T"";1;1;""at_home"";""at_home"";""course"";""mother"";1;1;0;""no"";""no"";""no"";""no"";""yes"";""yes"";""yes"";""no"";3;4;4;3;3;1;2;""14"";""14"";13"
5e403b81614e4b05a0c01c04,5e403b81614e4b05a0c01c04,"""GP"";""M"";17;""U"";""GT3"";""T"";2;1;""other"";""other"";""home"";""mother"";1;1;3;""no"";""yes"";""no"";""no"";""yes"";""yes"";""yes"";""no"";5;4;5;1;2;5;0;""5"";""0"";0"
5e403b81614e4b05a0c01c05,5e403b81614e4b05a0c01c05,"""GP"";""F"";15;""U"";""GT3"";""T"";1;1;""other"";""services"";""course"";""father"";1;2;0;""no"";""yes"";""yes"";""no"";""yes"";""yes"";""yes"";""no"";4;4;2;1;2;5;0;""8"";""11"";11"
5e403b81614e4b05a0c01c06,5e403b81614e4b05a0c01c06,"""GP"";""F"";15;""U"";""GT3"";""T"";3;2;""health"";""services"";""home"";""father"";1;2;3;""no"";""yes"";""no"";""no"";""yes"";""yes"";""yes"";""no"";3;3;2;1;1;3;0;""6"";""7"";0"
5e403b81614e4b05a0c01c07,5e403b81614e4b05a0c01c07,"""GP"";""F"";15;""U"";""GT3"";""T"";1;2;""at_home"";""other"";""course"";""mother"";1;2;0;""no"";""yes"";""yes"";""no"";""no"";""yes"";""yes"";""no"";4;3;2;1;1;5;2;""10"";""11"";11"
5e403b81614e4b05a0c01c08,5e403b81614e4b05a0c01c08,"""GP"";""M"";16;""U"";""GT3"";""T"";4;4;""teacher"";""teacher"";""course"";""mother"";1;1;0;""no"";""yes"";""no"";""no"";""yes"";""no"";""yes"";""yes"";3;3;2;2;1;5;0;""7"";""6"";0"
5e403b81614e4b05a0c01c09,5e403b81614e4b05a0c01c09,"""GP"";""M"";15;""U"";""LE3"";""A"";2;1;""services"";""other"";""course"";""mother"";4;1;3;""no"";""no"";""no"";""no"";""yes"";""yes"";""yes"";""no"";4;5;5;2;5;5;0;""8"";""9"";10"
5e403b81614e4b05a0c01c0a,5e403b81614e4b05a0c01c0a,"""GP"";""M"";18;""U"";""LE3"";""T"";1;1;""other"";""other"";""course"";""mother"";1;1;3;""no"";""no"";""no"";""no"";""yes"";""no"";""yes"";""yes"";2;3;5;2;5;4;0;""6"";""5"";0"
5e403b81614e4b05a0c01c0b,5e403b81614e4b05a0c01c0b,"""GP"";""M"";16;""U"";""LE3"";""T"";2;1;""at_home"";""other"";""course"";""mother"";1;1;1;""no"";""no"";""no"";""yes"";""yes"";""yes"";""no"";""yes"";4;4;4;3;5;5;6;""12"";""13"";14"
5e403b81614e4b05a0c01c0c,5e403b81614e4b05a0c01c0c,"""GP"";""F"";15;""R"";""GT3"";""T"";3;3;""services"";""services"";""reputation"";""other"";2;3;2;""no"";""yes"";""yes"";""yes"";""yes"";""yes"";""yes"";""yes"";4;2;1;2;3;3;8;""10"";""10"";10"
5e403b81614e4b05a0c01c0d,5e403b81614e4b05a0c01c0d,"""GP"";""M"";19;""U"";""GT3"";""T"";3;2;""services"";""at_home"";""home"";""mother"";1;1;3;""no"";""yes"";""no"";""no"";""yes"";""no"";""yes"";""yes"";4;5;4;1;1;4;0;""5"";""0"";0"
5e403b81614e4b05a0c01c0e,5e403b81614e4b05a0c01c0e,"""GP"";""F"";17;""U"";""GT3"";""T"";4;4;""other"";""teacher"";""course"";""mother"";1;1;0;""yes"";""yes"";""no"";""no"";""yes"";""yes"";""no"";""yes"";4;2;1;1;1;4;0;""11"";""11"";12"
5e403b81614e4b05a0c01c0f,5e403b81614e4b05a0c01c0f,"""GP"";""M"";15;""R"";""GT3"";""T"";2;3;""at_home"";""services"";""course"";""mother"";1;2;0;""yes"";""no"";""yes"";""yes"";""yes"";""yes"";""no"";""no"";4;4;4;1;1;1;2;""11"";""8"";8"
5e403b81614e4b05a0c01c10,5e403b81614e4b05a0c01c10,"""GP"";""M"";17;""R"";""LE3"";""T"";1;2;""other"";""other"";""reputation"";""mother"";1;1;0;""no"";""no"";""no"";""no"";""yes"";""yes"";""no"";""no"";2;2;2;3;3;5;8;""16"";""12"";13"
5e403b81614e4b05a0c01c11,5e403b81614e4b05a0c01c11,"""GP"";""F"";18;""R"";""GT3"";""T"";1;1;""at_home"";""other"";""course"";""mother"";3;1;3;""no"";""yes"";""no"";""yes"";""no"";""yes"";""no"";""no"";5;2;5;1;5;4;6;""9"";""8"";10"
5e403b81614e4b05a0c01c12,5e403b81614e4b05a0c01c12,"""GP"";""M"";16;""R"";""GT3"";""T"";2;2;""at_home"";""other"";""course"";""mother"";3;1;0;""no"";""no"";""no"";""no"";""no"";""yes"";""no"";""no"";4;2;2;1;2;3;2;""17"";""15"";15"
5e403b81614e4b05a0c01c13,5e403b81614e4b05a0c01c13,"""GP"";""M"";16;""U"";""GT3"";""T"";3;3;""other"";""services"";""course"";""father"";1;2;1;""no"";""yes"";""yes"";""no"";""yes"";""yes"";""yes"";""yes"";4;5;5;4;4;5;4;""10"";""12"";12"
5e403b81614e4b05a0c01c14,5e403b81614e4b05a0c01c14,"""GP"";""M"";17;""R"";""LE3"";""T"";2;1;""at_home"";""other"";""course"";""mother"";2;1;2;""no"";""no"";""no"";""yes"";""yes"";""no"";""yes"";""yes"";3;3;2;2;2;5;0;""7"";""6"";0"
5e403b81614e4b05a0c01c15,5e403b81614e4b05a0c01c15,"""GP"";""M"";15;""R"";""GT3"";""T"";3;2;""other"";""other"";""course"";""mother"";2;2;2;""yes"";""yes"";""no"";""no"";""yes"";""yes"";""yes"";""yes"";4;4;4;1;4;3;6;""5"";""9"";7"
5e403b81614e4b05a0c01c16,5e403b81614e4b05a0c01c16,"""GP"";""M"";16;""U"";""LE3"";""T"";1;2;""other"";""other"";""course"";""mother"";2;1;1;""no"";""no"";""no"";""yes"";""yes"";""yes"";""no"";""no"";4;4;4;2;4;5;0;""7"";""0"";0"
5e403b81614e4b05a0c01c17,5e403b81614e4b05a0c01c17,"""GP"";""M"";17;""U"";""GT3"";""T"";1;3;""at_home"";""services"";""course"";""father"";1;1;0;""no"";""no"";""no"";""no"";""yes"";""no"";""yes"";""no"";5;3;3;1;4;2;2;""10"";""10"";10"
5e403b81614e4b05a0c01c18,5e403b81614e4b05a0c01c18,"""GP"";""M"";17;""R"";""LE3"";""T"";1;1;""other"";""services"";""course"";""mother"";4;2;3;""no"";""no"";""no"";""yes"";""yes"";""no"";""no"";""yes"";5;3;5;1;5;5;0;""5"";""8"";7"
5e403b81614e4b05a0c01c19,5e403b81614e4b05a0c01c19,"""GP"";""M"";16;""U"";""GT3"";""T"";3;2;""services"";""services"";""course"";""mother"";2;1;1;""no"";""yes"";""no"";""yes"";""no"";""no"";""no"";""no"";4;5;2;1;1;2;16;""12"";""11"";12"
5e403b81614e4b05a0c01c1a,5e403b81614e4b05a0c01c1a,"""GP"";""M"";16;""U"";""GT3"";""T"";2;2;""other"";""other"";""course"";""father"";1;2;0;""no"";""no"";""no"";""no"";""yes"";""no"";""yes"";""no"";4;3;5;2;4;4;4;""10"";""10"";10"
5e403b81614e4b05a0c01c1b,5e403b81614e4b05a0c01c1b,"""GP"";""F"";16;""U"";""GT3"";""T"";4;2;""health"";""services"";""home"";""father"";1;2;0;""no"";""no"";""yes"";""no"";""yes"";""yes"";""yes"";""yes"";4;2;3;1;1;3;0;""14"";""15"";16"
5e403b81614e4b05a0c01c1c,5e403b81614e4b05a0c01c1c,"""GP"";""F"";16;""U"";""GT3"";""T"";2;2;""other"";""other"";""home"";""mother"";1;2;0;""no"";""yes"";""yes"";""no"";""no"";""yes"";""yes"";""no"";5;1;5;1;1;4;0;""6"";""7"";0"
5e403b81614e4b05a0c01c1d,5e403b81614e4b05a0c01c1d,"""GP"";""F"";16;""U"";""GT3"";""T"";4;4;""health"";""health"";""reputation"";""mother"";1;2;0;""no"";""yes"";""yes"";""no"";""yes"";""yes"";""yes"";""yes"";4;4;2;1;1;3;0;""14"";""14"";14"
5e403b81614e4b05a0c01c1e,5e403b81614e4b05a0c01c1e,"""GP"";""M"";16;""U"";""GT3"";""T"";3;4;""other"";""other"";""course"";""father"";3;1;2;""no"";""yes"";""no"";""yes"";""no"";""yes"";""yes"";""no"";3;4;5;2;4;2;0;""6"";""5"";0"
5e403b81614e4b05a0c01c1f,5e403b81614e4b05a0c01c1f,"""GP"";""M"";16;""U"";""GT3"";""T"";1;0;""other"";""other"";""reputation"";""mother"";2;2;0;""no"";""yes"";""yes"";""yes"";""yes"";""yes"";""yes"";""yes"";4;3;2;1;1;3;2;""13"";""15"";16"
5e403b81614e4b05a0c01c20,5e403b81614e4b05a0c01c20,"""GP"";""M"";17;""U"";""LE3"";""T"";4;4;""teacher"";""other"";""reputation"";""mother"";1;2;0;""no"";""yes"";""yes"";""yes"";""yes"";""yes"";""yes"";""no"";4;4;4;1;3;5;0;""13"";""11"";10"
5e403b81614e4b05a0c01c21,5e403b81614e4b05a0c01c21,"""GP"";""F"";16;""U"";""GT3"";""T"";1;3;""at_home"";""services"";""home"";""mother"";1;2;3;""no"";""no"";""no"";""yes"";""no"";""yes"";""yes"";""yes"";4;3;5;1;1;3;0;""8"";""7"";0"
5e403b81614e4b05a0c01c22,5e403b81614e4b05a0c01c22,"""GP"";""F"";16;""U"";""LE3"";""T"";3;3;""other"";""other"";""reputation"";""mother"";2;2;0;""no"";""yes"";""yes"";""yes"";""yes"";""yes"";""yes"";""no"";4;4;5;1;1;4;4;""10"";""11"";9"
5e403b81614e4b05a0c01c23,5e403b81614e4b05a0c01c23,"""GP"";""M"";17;""U"";""LE3"";""T"";4;3;""teacher"";""other"";""course"";""mother"";2;2;0;""no"";""no"";""yes"";""yes"";""yes"";""yes"";""yes"";""no"";4;4;4;4;4;4;4;""10"";""9"";9"
5e403b81614e4b05a0c01c24,5e403b81614e4b05a0c01c24,"""GP"";""F"";16;""U"";""GT3"";""T"";2;2;""services"";""other"";""reputation"";""mother"";2;2;0;""no"";""no"";""yes"";""yes"";""no"";""yes"";""yes"";""no"";3;4;4;1;4;5;2;""13"";""13"";11"
5e403b81614e4b05a0c01c25,5e403b81614e4b05a0c01c25,"""GP"";""M"";17;""U"";""GT3"";""T"";3;3;""other"";""other"";""reputation"";""father"";1;2;0;""no"";""no"";""no"";""yes"";""no"";""yes"";""yes"";""no"";4;3;4;1;4;4;4;""6"";""5"";6"
5e403b81614e4b05a0c01c26,5e403b81614e4b05a0c01c26,"""GP"";""M"";16;""R"";""GT3"";""T"";4;2;""teacher"";""services"";""other"";""mother"";1;1;0;""no"";""yes"";""no"";""yes"";""yes"";""yes"";""yes"";""yes"";4;3;3;3;4;3;10;""10"";""8"";9"
5e403b81614e4b05a0c01c27,5e403b81614e4b05a0c01c27,"""GP"";""M"";17;""U"";""GT3"";""T"";4;3;""other"";""other"";""course"";""mother"";1;2;0;""no"";""yes"";""no"";""yes"";""yes"";""yes"";""yes"";""yes"";5;2;3;1;1;2;4;""10"";""10"";11"
5e403b81614e4b05a0c01c28,5e403b81614e4b05a0c01c28,"""GP"";""M"";16;""U"";""GT3"";""T"";4;3;""teacher"";""other"";""home"";""mother"";1;2;0;""no"";""yes"";""yes"";""yes"";""yes"";""yes"";""yes"";""no"";3;4;3;2;3;3;10;""9"";""8"";8"
5e403b81614e4b05a0c01c29,5e403b81614e4b05a0c01c29,"""GP"";""M"";16;""U"";""GT3"";""T"";3;3;""services"";""other"";""home"";""mother"";1;2;0;""no"";""no"";""yes"";""yes"";""yes"";""yes"";""yes"";""yes"";4;2;3;1;2;3;2;""12"";""13"";12"
5e403b81614e4b05a0c01c2a,5e403b81614e4b05a0c01c2a,"""GP"";""F"";17;""U"";""GT3"";""T"";2;4;""services"";""services"";""reputation"";""father"";1;2;0;""no"";""yes"";""no"";""yes"";""yes"";""yes"";""no"";""no"";5;4;2;2;3;5;0;""16"";""17"";17"
5e403b81614e4b05a0c01c2b,5e403b81614e4b05a0c01c2b,"""GP"";""F"";17;""U"";""LE3"";""T"";3;3;""other"";""other"";""reputation"";""mother"";1;2;0;""no"";""yes"";""no"";""yes"";""yes"";""yes"";""yes"";""yes"";5;3;3;2;3;1;56;""9"";""9"";8"
5e403b81614e4b05a0c01c2c,5e403b81614e4b05a0c01c2c,"""GP"";""F"";16;""U"";""GT3"";""T"";3;2;""other"";""other"";""reputation"";""mother"";1;2;0;""no"";""yes"";""yes"";""no"";""yes"";""yes"";""yes"";""no"";1;2;2;1;2;1;14;""12"";""13"";12"
5e403b81614e4b05a0c01c2d,5e403b81614e4b05a0c01c2d,"""GP"";""M"";17;""U"";""GT3"";""T"";3;3;""services"";""services"";""other"";""mother"";1;2;0;""no"";""yes"";""no"";""yes"";""yes"";""yes"";""yes"";""yes"";4;3;4;2;3;4;12;""12"";""12"";11"
5e403b81614e4b05a0c01c2e,5e403b81614e4b05a0c01c2e,"""GP"";""M"";16;""U"";""GT3"";""T"";1;2;""services"";""services"";""other"";""mother"";1;1;0;""no"";""yes"";""yes"";""yes"";""yes"";""yes"";""yes"";""yes"";3;3;3;1;2;3;2;""11"";""12"";11"
5e403b81614e4b05a0c01c2f,5e403b81614e4b05a0c01c2f,"""GP"";""M"";16;""U"";""LE3"";""T"";2;1;""other"";""other"";""course"";""mother"";1;2;0;""no"";""no"";""yes"";""yes"";""yes"";""yes"";""yes"";""yes"";4;2;3;1;2;5;0;""15"";""15"";15"
5e403b81614e4b05a0c01c30,5e403b81614e4b05a0c01c30,"""GP"";""F"";17;""U"";""GT3"";""A"";3;3;""health"";""other"";""reputation"";""mother"";1;2;0;""no"";""yes"";""no"";""no"";""no"";""yes"";""yes"";""yes"";3;3;3;1;3;3;6;""8"";""7"";9"
5e403b81614e4b05a0c01c31,5e403b81614e4b05a0c01c31,"""GP"";""M"";17;""R"";""GT3"";""T"";1;2;""at_home"";""other"";""home"";""mother"";1;2;0;""no"";""no"";""no"";""no"";""yes"";""yes"";""no"";""no"";3;1;3;1;5;3;4;""8"";""9"";10"
5e403b81614e4b05a0c01c32,5e403b81614e4b05a0c01c32,"""GP"";""F"";16;""U"";""GT3"";""T"";2;3;""services"";""services"";""course"";""mother"";1;2;0;""no"";""no"";""no"";""no"";""yes"";""yes"";""yes"";""no"";4;3;3;1;1;2;10;""11"";""12"";13"
5e403b81614e4b05a0c01c33,5e403b81614e4b05a0c01c33,"""GP"";""F"";17;""U"";""GT3"";""T"";1;1;""at_home"";""services"";""course"";""mother"";1;2;0;""no"";""no"";""no"";""yes"";""yes"";""yes"";""yes"";""no"";5;3;3;1;1;3;0;""8"";""8"";9"
5e403b81614e4b05a0c01c34,5e403b81614e4b05a0c01c34,"""GP"";""M"";17;""U"";""GT3"";""T"";1;2;""at_home"";""services"";""other"";""other"";2;2;0;""no"";""no"";""yes"";""yes"";""no"";""yes"";""yes"";""no"";4;4;4;4;5;5;12;""7"";""8"";8"
5e403b81614e4b05a0c01c35,5e403b81614e4b05a0c01c35,"""GP"";""M"";16;""R"";""GT3"";""T"";3;3;""services"";""services"";""reputation"";""mother"";1;1;0;""no"";""yes"";""no"";""yes"";""yes"";""yes"";""yes"";""no"";4;3;2;3;4;5;8;""8"";""9"";10"
5e403b81614e4b05a0c01c36,5e403b81614e4b05a0c01c36,"""GP"";""M"";16;""U"";""GT3"";""T"";2;3;""other"";""other"";""home"";""father"";2;1;0;""no"";""no"";""no"";""no"";""yes"";""yes"";""yes"";""no"";5;3;3;1;1;3;0;""13"";""14"";14"
5e403b81614e4b05a0c01c37,5e403b81614e4b05a0c01c37,"""GP"";""F"";17;""U"";""LE3"";""T"";2;4;""services"";""services"";""course"";""father"";1;2;0;""no"";""no"";""no"";""yes"";""yes"";""yes"";""yes"";""yes"";4;3;2;1;1;5;0;""14"";""15"";15"
5e403b81614e4b05a0c01c38,5e403b81614e4b05a0c01c38,"""GP"";""M"";17;""U"";""GT3"";""T"";4;4;""services"";""teacher"";""home"";""mother"";1;1;0;""no"";""no"";""no"";""no"";""yes"";""yes"";""yes"";""no"";5;2;3;1;2;5;4;""17"";""15"";16"
5e403b81614e4b05a0c01c39,5e403b81614e4b05a0c01c39,"""GP"";""M"";16;""R"";""LE3"";""T"";3;3;""teacher"";""other"";""home"";""father"";3;1;0;""no"";""yes"";""yes"";""yes"";""yes"";""yes"";""yes"";""no"";3;3;4;3;5;3;8;""9"";""9"";10"
5e403b81614e4b05a0c01c3a,5e403b81614e4b05a0c01c3a,"""GP"";""F"";17;""U"";""GT3"";""T"";4;4;""services"";""teacher"";""home"";""mother"";2;1;1;""no"";""yes"";""no"";""no"";""yes"";""yes"";""yes"";""no"";4;2;4;2;3;2;24;""18"";""18"";18"
5e403b81614e4b05a0c01c3b,5e403b81614e4b05a0c01c3b,"""GP"";""F"";16;""U"";""LE3"";""T"";4;4;""teacher"";""teacher"";""reputation"";""mother"";1;2;0;""no"";""yes"";""yes"";""no"";""yes"";""yes"";""yes"";""no"";4;5;2;1;2;3;0;""9"";""9"";10"
5e403b81614e4b05a0c01c3c,5e403b81614e4b05a0c01c3c,"""GP"";""F"";16;""U"";""GT3"";""T"";4;3;""health"";""other"";""home"";""mother"";1;2;0;""no"";""yes"";""no"";""yes"";""yes"";""yes"";""yes"";""no"";4;3;5;1;5;2;2;""16"";""16"";16"
5e403b81614e4b05a0c01c3d,5e403b81614e4b05a0c01c3d,"""GP"";""F"";16;""U"";""GT3"";""T"";2;3;""other"";""other"";""reputation"";""mother"";1;2;0;""yes"";""yes"";""yes"";""yes"";""yes"";""yes"";""no"";""no"";4;4;3;1;3;4;6;""8"";""10"";10"
5e403b81614e4b05a0c01c3e,5e403b81614e4b05a0c01c3e,"""GP"";""F"";17;""U"";""GT3"";""T"";1;1;""other"";""other"";""course"";""mother"";1;2;0;""no"";""yes"";""yes"";""no"";""no"";""yes"";""no"";""no"";4;4;4;1;3;1;4;""9"";""9"";10"
5e403b81614e4b05a0c01c3f,5e403b81614e4b05a0c01c3f,"""GP"";""F"";17;""R"";""GT3"";""T"";2;2;""other"";""other"";""reputation"";""mother"";1;1;0;""no"";""yes"";""no"";""no"";""yes"";""yes"";""yes"";""no"";5;3;2;1;2;3;18;""7"";""6"";6"
5e403b81614e4b05a0c01c40,5e403b81614e4b05a0c01c40,"""GP"";""F"";16;""R"";""GT3"";""T"";2;2;""services"";""services"";""reputation"";""mother"";2;4;0;""no"";""yes"";""yes"";""yes"";""no"";""yes"";""yes"";""no"";5;3;5;1;1;5;6;""10"";""10"";11"
5e403b81614e4b05a0c01c41,5e403b81614e4b05a0c01c41,"""GP"";""F"";17;""U"";""GT3"";""T"";3;4;""at_home"";""services"";""home"";""mother"";1;3;1;""no"";""yes"";""yes"";""no"";""yes"";""yes"";""yes"";""yes"";4;4;3;3;4;5;28;""10"";""9"";9"
5e403b81614e4b05a0c01c42,5e403b81614e4b05a0c01c42,"""GP"";""F"";16;""U"";""GT3"";""A"";3;1;""services"";""other"";""course"";""mother"";1;2;3;""no"";""yes"";""yes"";""no"";""yes"";""yes"";""yes"";""no"";2;3;3;2;2;4;5;""7"";""7"";7"
5e403b81614e4b05a0c01c43,5e403b81614e4b05a0c01c43,"""GP"";""F"";16;""U"";""GT3"";""T"";4;3;""teacher"";""other"";""other"";""mother"";1;2;0;""no"";""no"";""yes"";""yes"";""yes"";""yes"";""yes"";""yes"";1;3;2;1;1;1;10;""11"";""12"";13"
5e403b81614e4b05a0c01c44,5e403b81614e4b05a0c01c44,"""GP"";""F"";16;""U"";""GT3"";""T"";1;1;""at_home"";""other"";""home"";""mother"";2;1;0;""no"";""yes"";""yes"";""no"";""yes"";""yes"";""no"";""no"";4;3;2;1;4;5;6;""9"";""9"";10"
5e403b81614e4b05a0c01c45,5e403b81614e4b05a0c01c45,"""GP"";""F"";17;""R"";""GT3"";""T"";4;3;""teacher"";""other"";""reputation"";""mother"";2;3;0;""no"";""yes"";""yes"";""yes"";""yes"";""yes"";""yes"";""yes"";4;4;2;1;1;4;6;""7"";""7"";7"
5e403b81614e4b05a0c01c46,5e403b81614e4b05a0c01c46,"""GP"";""F"";19;""U"";""GT3"";""T"";3;3;""other"";""other"";""reputation"";""other"";1;4;0;""no"";""yes"";""yes"";""yes"";""yes"";""yes"";""yes"";""no"";4;3;3;1;2;3;10;""8"";""8"";8"
5e403b81614e4b05a0c01c47,5e403b81614e4b05a0c01c47,"""GP"";""M"";17;""U"";""LE3"";""T"";4;4;""services"";""other"";""home"";""mother"";1;2;0;""no"";""yes"";""yes"";""no"";""yes"";""yes"";""yes"";""yes"";5;3;5;4;5;3;13;""12"";""12"";13"
5e403b81614e4b05a0c01c48,5e403b81614e4b05a0c01c48,"""GP"";""F"";16;""U"";""GT3"";""A"";2;2;""other"";""other"";""reputation"";""mother"";1;2;0;""yes"";""yes"";""yes"";""no"";""yes"";""yes"";""yes"";""no"";3;3;4;1;1;4;0;""12"";""13"";14"
5e403b81614e4b05a0c01c49,5e403b81614e4b05a0c01c49,"""GP"";""M"";18;""U"";""GT3"";""T"";2;2;""services"";""other"";""home"";""mother"";1;2;1;""no"";""yes"";""yes"";""yes"";""yes"";""yes"";""yes"";""no"";4;4;4;2;4;5;15;""6"";""7"";8"
5e403b81614e4b05a0c01c4a,5e403b81614e4b05a0c01c4a,"""GP"";""F"";17;""R"";""LE3"";""T"";4;4;""services"";""other"";""other"";""mother"";1;1;0;""no"";""yes"";""yes"";""no"";""yes"";""yes"";""no"";""no"";5;2;1;1;2;3;12;""8"";""10"";10"
5e403b81614e4b05a0c01c4b,5e403b81614e4b05a0c01c4b,"""GP"";""F"";17;""U"";""LE3"";""T"";3;2;""other"";""other"";""reputation"";""mother"";2;2;0;""no"";""no"";""yes"";""no"";""yes"";""yes"";""yes"";""no"";4;4;4;1;3;1;2;""14"";""15"";15"
5e403b81614e4b05a0c01c4c,5e403b81614e4b05a0c01c4c,"""GP"";""F"";17;""U"";""GT3"";""T"";4;3;""other"";""other"";""reputation"";""mother"";1;2;2;""no"";""no"";""yes"";""no"";""yes"";""yes"";""yes"";""yes"";3;4;5;2;4;1;22;""6"";""6"";4"
5e403b81614e4b05a0c01c4d,5e403b81614e4b05a0c01c4d,"""GP"";""M"";18;""U"";""LE3"";""T"";3;3;""services"";""health"";""home"";""father"";1;2;1;""no"";""yes"";""yes"";""no"";""yes"";""yes"";""yes"";""no"";3;2;4;2;4;4;13;""6"";""6"";8"
5e403b81614e4b05a0c01c4e,5e403b81614e4b05a0c01c4e,"""GP"";""F"";17;""U"";""GT3"";""T"";2;3;""at_home"";""other"";""home"";""father"";2;1;0;""no"";""yes"";""yes"";""no"";""yes"";""yes"";""no"";""no"";3;3;3;1;4;3;3;""7"";""7"";8"
5e403b81614e4b05a0c01c4f,5e403b81614e4b05a0c01c4f,"""GP"";""F"";17;""U"";""GT3"";""T"";2;2;""at_home"";""at_home"";""course"";""mother"";1;3;0;""no"";""yes"";""yes"";""yes"";""yes"";""yes"";""yes"";""no"";4;3;3;1;1;4;4;""9"";""10"";10"
5e403b81614e4b05a0c01c50,5e403b81614e4b05a0c01c50,"""GP"";""F"";17;""R"";""GT3"";""T"";2;1;""at_home"";""services"";""reputation"";""mother"";2;2;0;""no"";""yes"";""no"";""yes"";""yes"";""yes"";""yes"";""no"";4;2;5;1;2;5;2;""6"";""6"";6"
5e403b81614e4b05a0c01c51,5e403b81614e4b05a0c01c51,"""GP"";""F"";17;""U"";""GT3"";""T"";1;1;""at_home"";""other"";""reputation"";""mother"";1;3;1;""no"";""yes"";""no"";""yes"";""yes"";""yes"";""no"";""yes"";4;3;4;1;1;5;0;""6"";""5"";0"
5e403b81614e4b05a0c01c52,5e403b81614e4b05a0c01c52,"""GP"";""F"";16;""U"";""GT3"";""T"";2;3;""services"";""teacher"";""other"";""mother"";1;2;0;""yes"";""no"";""no"";""no"";""yes"";""yes"";""yes"";""no"";2;3;1;1;1;3;2;""16"";""16"";17"
5e403b81614e4b05a0c01c53,5e403b81614e4b05a0c01c53,"""GP"";""M"";18;""U"";""GT3"";""T"";2;2;""other"";""other"";""home"";""mother"";2;2;0;""no"";""yes"";""yes"";""no"";""yes"";""yes"";""yes"";""no"";3;3;3;5;5;4;0;""12"";""13"";13"
5e403b81614e4b05a0c01c54,5e403b81614e4b05a0c01c54,"""GP"";""F"";16;""U"";""GT3"";""T"";4;4;""teacher"";""services"";""home"";""mother"";1;3;0;""no"";""yes"";""no"";""yes"";""no"";""yes"";""yes"";""no"";5;3;2;1;1;5;0;""13"";""13"";14"
5e403b81614e4b05a0c01c55,5e403b81614e4b05a0c01c55,"""GP"";""F"";18;""R"";""GT3"";""T"";3;1;""other"";""other"";""reputation"";""mother"";1;2;1;""no"";""no"";""no"";""yes"";""yes"";""yes"";""yes"";""yes"";5;3;3;1;1;4;16;""9"";""8"";7"
5e403b81614e4b05a0c01c56,5e403b81614e4b05a0c01c56,"""GP"";""F"";17;""U"";""GT3"";""T"";3;2;""other"";""other"";""course"";""mother"";1;2;0;""no"";""no"";""no"";""yes"";""no"";""yes"";""yes"";""no"";5;3;4;1;3;3;10;""16"";""15"";15"
5e403b81614e4b05a0c01c57,5e403b81614e4b05a0c01c57,"""GP"";""M"";17;""U"";""LE3"";""T"";2;3;""services"";""services"";""reputation"";""father"";1;2;0;""no"";""yes"";""yes"";""no"";""no"";""yes"";""yes"";""no"";5;3;3;1;3;3;2;""12"";""11"";12"
5e403b81614e4b05a0c01c58,5e403b81614e4b05a0c01c58,"""GP"";""M"";18;""U"";""LE3"";""T"";2;1;""at_home"";""other"";""course"";""mother"";4;2;0;""yes"";""yes"";""yes"";""yes"";""yes"";""yes"";""yes"";""yes"";4;3;2;4;5;3;14;""10"";""8"";9"
5e403b81614e4b05a0c01c59,5e403b81614e4b05a0c01c59,"""GP"";""F"";17;""U"";""GT3"";""A"";2;1;""other"";""other"";""course"";""mother"";2;3;0;""no"";""no"";""no"";""yes"";""yes"";""yes"";""yes"";""yes"";3;2;3;1;2;3;10;""12"";""10"";12"
5e403b81614e4b05a0c01c5a,5e403b81614e4b05a0c01c5a,"""GP"";""F"";17;""U"";""LE3"";""T"";4;3;""health"";""other"";""reputation"";""father"";1;2;0;""no"";""no"";""no"";""yes"";""yes"";""yes"";""yes"";""yes"";3;2;3;1;2;3;14;""13"";""13"";14"
5e403b81614e4b05a0c01c5b,5e403b81614e4b05a0c01c5b,"""GP"";""M"";17;""R"";""GT3"";""T"";2;2;""other"";""other"";""course"";""father"";2;2;0;""no"";""yes"";""yes"";""yes"";""yes"";""yes"";""yes"";""no"";4;5;2;1;1;1;4;""11"";""11"";11"
5e403b81614e4b05a0c01c5c,5e403b81614e4b05a0c01c5c,"""GP"";""M"";17;""U"";""GT3"";""T"";4;4;""teacher"";""teacher"";""reputation"";""mother"";1;2;0;""yes"";""yes"";""no"";""yes"";""yes"";""yes"";""yes"";""yes"";4;5;5;1;3;2;14;""11"";""9"";9"
5e403b81614e4b05a0c01c5d,5e403b81614e4b05a0c01c5d,"""GP"";""M"";16;""U"";""GT3"";""T"";4;4;""health"";""other"";""reputation"";""father"";1;2;0;""no"";""yes"";""yes"";""yes"";""yes"";""yes"";""yes"";""no"";4;2;4;2;4;1;2;""14"";""13"";13"
5e403b81614e4b05a0c01c5e,5e403b81614e4b05a0c01c5e,"""GP"";""M"";16;""U"";""LE3"";""T"";1;1;""other"";""other"";""home"";""mother"";2;2;0;""no"";""yes"";""yes"";""no"";""yes"";""yes"";""yes"";""no"";3;4;2;1;1;5;18;""9"";""7"";6"
5e403b81614e4b05a0c01c5f,5e403b81614e4b05a0c01c5f,"""GP"";""M"";16;""U"";""GT3"";""T"";3;2;""at_home"";""other"";""reputation"";""mother"";2;3;0;""no"";""no"";""no"";""yes"";""yes"";""yes"";""yes"";""yes"";5;3;3;1;3;2;10;""11"";""9"";10"
5e403b81614e4b05a0c01c60,5e403b81614e4b05a0c01c60,"""GP"";""M"";17;""U"";""LE3"";""T"";2;2;""other"";""other"";""home"";""father"";1;2;0;""no"";""no"";""yes"";""yes"";""no"";""yes"";""yes"";""yes"";4;4;2;5;5;4;4;""14"";""13"";13"
5e403b81614e4b05a0c01c61,5e403b81614e4b05a0c01c61,"""GP"";""F"";16;""U"";""GT3"";""T"";2;1;""other"";""other"";""home"";""mother"";1;1;0;""no"";""no"";""no"";""no"";""yes"";""yes"";""yes"";""yes"";4;5;2;1;1;5;20;""13"";""12"";12"
5e403b81614e4b05a0c01c62,5e403b81614e4b05a0c01c62,"""GP"";""F"";17;""R"";""GT3"";""T"";2;1;""at_home"";""services"";""course"";""mother"";3;2;0;""no"";""no"";""no"";""yes"";""yes"";""yes"";""no"";""no"";2;1;1;1;1;3;2;""13"";""11"";11"
5e403b81614e4b05a0c01c63,5e403b81614e4b05a0c01c63,"""GP"";""M"";18;""U"";""GT3"";""T"";2;2;""other"";""services"";""reputation"";""father"";1;2;1;""no"";""no"";""no"";""no"";""yes"";""no"";""yes"";""no"";5;5;4;3;5;2;0;""7"";""7"";0"
5e403b81614e4b05a0c01c64,5e403b81614e4b05a0c01c64,"""GP"";""M"";17;""U"";""LE3"";""T"";4;3;""health"";""other"";""course"";""mother"";2;2;0;""no"";""no"";""no"";""yes"";""yes"";""yes"";""yes"";""yes"";2;5;5;1;4;5;14;""12"";""12"";12"
5e403b81614e4b05a0c01c65,5e403b81614e4b05a0c01c65,"""GP"";""M"";17;""R"";""LE3"";""A"";4;4;""teacher"";""other"";""course"";""mother"";2;2;0;""no"";""yes"";""yes"";""no"";""yes"";""yes"";""yes"";""no"";3;3;3;2;3;4;2;""10"";""11"";12"
5e403b81614e4b05a0c01c66,5e403b81614e4b05a0c01c66,"""GP"";""M"";16;""U"";""LE3"";""T"";4;3;""teacher"";""other"";""course"";""mother"";1;1;0;""no"";""no"";""no"";""yes"";""no"";""yes"";""yes"";""no"";5;4;5;1;1;3;0;""6"";""0"";0"
5e403b81614e4b05a0c01c67,5e403b81614e4b05a0c01c67,"""GP"";""M"";16;""U"";""GT3"";""T"";4;4;""services"";""services"";""course"";""mother"";1;1;0;""no"";""no"";""no"";""yes"";""yes"";""yes"";""yes"";""no"";5;3;2;1;2;5;0;""13"";""12"";12"
5e403b81614e4b05a0c01c68,5e403b81614e4b05a0c01c68,"""GP"";""F"";18;""U"";""GT3"";""T"";2;1;""other"";""other"";""course"";""other"";2;3;0;""no"";""yes"";""yes"";""no"";""no"";""yes"";""yes"";""yes"";4;4;4;1;1;3;0;""7"";""0"";0"
5e403b81614e4b05a0c01c69,5e403b81614e4b05a0c01c69,"""GP"";""M"";16;""U"";""GT3"";""T"";2;1;""other"";""other"";""course"";""mother"";3;1;0;""no"";""no"";""no"";""no"";""yes"";""yes"";""yes"";""no"";4;3;3;1;1;4;6;""18"";""18"";18"
5e403b81614e4b05a0c01c6a,5e403b81614e4b05a0c01c6a,"""GP"";""M"";17;""U"";""GT3"";""T"";2;3;""other"";""other"";""course"";""father"";2;1;0;""no"";""no"";""no"";""no"";""yes"";""yes"";""yes"";""no"";5;2;2;1;1;2;4;""12"";""12"";13"
5e403b81614e4b05a0c01c6b,5e403b81614e4b05a0c01c6b,"""GP"";""M"";22;""U"";""GT3"";""T"";3;1;""services"";""services"";""other"";""mother"";1;1;3;""no"";""no"";""no"";""no"";""no"";""no"";""yes"";""yes"";5;4;5;5;5;1;16;""6"";""8"";8"
5e403b81614e4b05a0c01c6c,5e403b81614e4b05a0c01c6c,"""GP"";""M"";18;""R"";""LE3"";""T"";3;3;""other"";""services"";""course"";""mother"";1;2;1;""no"";""yes"";""no"";""no"";""yes"";""yes"";""yes"";""yes"";4;3;3;1;3;5;8;""3"";""5"";5"
5e403b81614e4b05a0c01c6d,5e403b81614e4b05a0c01c6d,"""GP"";""M"";16;""U"";""GT3"";""T"";0;2;""other"";""other"";""other"";""mother"";1;1;0;""no"";""no"";""yes"";""no"";""no"";""yes"";""yes"";""no"";4;3;2;2;4;5;0;""13"";""15"";15"
5e403b81614e4b05a0c01c6e,5e403b81614e4b05a0c01c6e,"""GP"";""M"";18;""U"";""GT3"";""T"";3;2;""services"";""other"";""course"";""mother"";2;1;1;""no"";""no"";""no"";""no"";""yes"";""no"";""yes"";""no"";4;4;5;2;4;5;0;""6"";""8"";8"
5e403b81614e4b05a0c01c6f,5e403b81614e4b05a0c01c6f,"""GP"";""M"";16;""U"";""GT3"";""T"";3;3;""at_home"";""other"";""reputation"";""other"";3;2;0;""yes"";""yes"";""no"";""no"";""no"";""yes"";""yes"";""no"";5;3;3;1;3;2;6;""7"";""10"";10"
5e403b81614e4b05a0c01c70,5e403b81614e4b05a0c01c70,"""GP"";""M"";18;""U"";""GT3"";""T"";2;1;""services"";""services"";""other"";""mother"";1;1;1;""no"";""no"";""no"";""no"";""no"";""no"";""yes"";""no"";3;2;5;2;5;5;4;""6"";""9"";8"
5e403b81614e4b05a0c01c71,5e403b81614e4b05a0c01c71,"""GP"";""M"";16;""R"";""GT3"";""T"";2;1;""other"";""other"";""course"";""mother"";2;1;0;""no"";""no"";""no"";""yes"";""no"";""yes"";""no"";""no"";3;3;2;1;3;3;0;""8"";""9"";8"
5e403b81614e4b05a0c01c72,5e403b81614e4b05a0c01c72,"""GP"";""M"";17;""R"";""GT3"";""T"";2;1;""other"";""other"";""course"";""mother"";1;1;0;""no"";""no"";""no"";""no"";""no"";""yes"";""yes"";""no"";4;4;2;2;4;5;0;""8"";""12"";12"
5e403b81614e4b05a0c01c73,5e403b81614e4b05a0c01c73,"""GP"";""M"";17;""U"";""LE3"";""T"";1;1;""health"";""other"";""course"";""mother"";2;1;1;""no"";""yes"";""no"";""yes"";""yes"";""yes"";""yes"";""no"";4;4;4;1;2;5;2;""7"";""9"";8"
5e403b81614e4b05a0c01c74,5e403b81614e4b05a0c01c74,"""GP"";""F"";17;""U"";""LE3"";""T"";4;2;""teacher"";""services"";""reputation"";""mother"";1;4;0;""no"";""yes"";""yes"";""yes"";""yes"";""yes"";""yes"";""no"";4;2;3;1;1;4;6;""14"";""12"";13"
5e403b81614e4b05a0c01c75,5e403b81614e4b05a0c01c75,"""GP"";""M"";19;""U"";""LE3"";""A"";4;3;""services"";""at_home"";""reputation"";""mother"";1;2;0;""no"";""yes"";""no"";""no"";""yes"";""yes"";""yes"";""no"";4;3;1;1;1;1;12;""11"";""11"";11"
5e403b81614e4b05a0c01c76,5e403b81614e4b05a0c01c76,"""GP"";""M"";18;""U"";""GT3"";""T"";2;1;""other"";""other"";""home"";""mother"";1;2;0;""no"";""no"";""no"";""yes"";""yes"";""yes"";""yes"";""no"";5;2;4;1;2;4;8;""15"";""14"";14"
5e403b81614e4b05a0c01c77,5e403b81614e4b05a0c01c77,"""GP"";""F"";17;""U"";""LE3"";""T"";2;2;""services"";""services"";""course"";""father"";1;4;0;""no"";""no"";""yes"";""yes"";""yes"";""yes"";""yes"";""yes"";3;4;1;1;1;2;0;""10"";""9"";0"
5e403b81614e4b05a0c01c78,5e403b81614e4b05a0c01c78,"""GP"";""F"";18;""U"";""GT3"";""T"";4;3;""services"";""other"";""home"";""father"";1;2;0;""no"";""yes"";""yes"";""no"";""yes"";""yes"";""yes"";""yes"";3;1;2;1;3;2;21;""17"";""18"";18"
5e403b81614e4b05a0c01c79,5e403b81614e4b05a0c01c79,"""GP"";""M"";18;""U"";""GT3"";""T"";4;3;""teacher"";""other"";""course"";""mother"";1;2;0;""no"";""yes"";""yes"";""no"";""no"";""yes"";""yes"";""no"";4;3;2;1;1;3;2;""8"";""8"";8"
5e403b81614e4b05a0c01c7a,5e403b81614e4b05a0c01c7a,"""GP"";""M"";18;""R"";""GT3"";""T"";3;2;""other"";""other"";""course"";""mother"";1;3;0;""no"";""no"";""no"";""yes"";""no"";""yes"";""no"";""no"";5;3;2;1;1;3;1;""13"";""12"";12"
5e403b81614e4b05a0c01c7b,5e403b81614e4b05a0c01c7b,"""GP"";""F"";17;""U"";""GT3"";""T"";3;3;""other"";""other"";""home"";""mother"";1;3;0;""no"";""no"";""no"";""yes"";""no"";""yes"";""no"";""no"";3;2;3;1;1;4;4;""10"";""9"";9"
5e403b81614e4b05a0c01c7c,5e403b81614e4b05a0c01c7c,"""GP"";""F"";18;""U"";""GT3"";""T"";2;2;""at_home"";""services"";""home"";""mother"";1;3;0;""no"";""yes"";""yes"";""yes"";""yes"";""yes"";""yes"";""yes"";4;3;3;1;1;3;0;""9"";""10"";0"
5e403b81614e4b05a0c01c7d,5e403b81614e4b05a0c01c7d,"""GP"";""M"";18;""R"";""LE3"";""A"";3;4;""other"";""other"";""reputation"";""mother"";2;2;0;""no"";""yes"";""yes"";""yes"";""yes"";""yes"";""yes"";""no"";4;2;5;3;4;1;13;""17"";""17"";17"
5e403b81614e4b05a0c01c7e,5e403b81614e4b05a0c01c7e,"""GP"";""M"";17;""U"";""GT3"";""T"";3;1;""services"";""other"";""other"";""mother"";1;2;0;""no"";""no"";""yes"";""yes"";""yes"";""yes"";""yes"";""yes"";5;4;4;3;4;5;2;""9"";""9"";10"
5e403b81614e4b05a0c01c7f,5e403b81614e4b05a0c01c7f,"""GP"";""F"";18;""R"";""GT3"";""T"";4;4;""teacher"";""other"";""reputation"";""mother"";2;2;0;""no"";""no"";""yes"";""yes"";""yes"";""yes"";""yes"";""no"";4;3;4;2;2;4;8;""12"";""10"";11"
5e403b81614e4b05a0c01c80,5e403b81614e4b05a0c01c80,"""GP"";""M"";18;""U"";""GT3"";""T"";4;2;""health"";""other"";""reputation"";""father"";1;2;0;""no"";""yes"";""yes"";""yes"";""yes"";""yes"";""yes"";""yes"";5;4;5;1;3;5;10;""10"";""9"";10"
5e403b81614e4b05a0c01c81,5e403b81614e4b05a0c01c81,"""GP"";""F"";18;""R"";""GT3"";""T"";2;1;""other"";""other"";""reputation"";""mother"";2;2;0;""no"";""yes"";""no"";""no"";""yes"";""no"";""yes"";""yes"";4;3;5;1;2;3;0;""6"";""0"";0"
5e403b81614e4b05a0c01c82,5e403b81614e4b05a0c01c82,"""GP"";""F"";19;""U"";""GT3"";""T"";3;3;""other"";""services"";""home"";""other"";1;2;2;""no"";""yes"";""yes"";""yes"";""yes"";""yes"";""yes"";""no"";4;3;5;3;3;5;15;""9"";""9"";9"
5e403b81614e4b05a0c01c83,5e403b81614e4b05a0c01c83,"""GP"";""F"";18;""U"";""GT3"";""T"";2;3;""other"";""services"";""reputation"";""father"";1;4;0;""no"";""yes"";""yes"";""yes"";""yes"";""yes"";""yes"";""yes"";4;5;5;1;3;2;4;""15"";""14"";14"
5e403b81614e4b05a0c01c84,5e403b81614e4b05a0c01c84,"""GP"";""F"";18;""U"";""LE3"";""T"";1;1;""other"";""other"";""home"";""mother"";2;2;0;""no"";""yes"";""yes"";""no"";""no"";""yes"";""no"";""no"";4;4;3;1;1;3;2;""11"";""11"";11"
5e403b81614e4b05a0c01c85,5e403b81614e4b05a0c01c85,"""GP"";""M"";17;""R"";""GT3"";""T"";1;2;""at_home"";""at_home"";""home"";""mother"";1;2;0;""no"";""yes"";""yes"";""yes"";""no"";""yes"";""no"";""yes"";3;5;2;2;2;1;2;""15"";""14"";14"
5e403b81614e4b05a0c01c86,5e403b81614e4b05a0c01c86,"""GP"";""F"";17;""U"";""GT3"";""T"";2;4;""at_home"";""health"";""reputation"";""mother"";2;2;0;""no"";""yes"";""yes"";""no"";""yes"";""yes"";""yes"";""yes"";4;3;3;1;1;1;2;""10"";""10"";10"
5e403b81614e4b05a0c01c87,5e403b81614e4b05a0c01c87,"""GP"";""F"";17;""U"";""LE3"";""T"";2;2;""services"";""other"";""course"";""mother"";2;2;0;""yes"";""yes"";""yes"";""no"";""yes"";""yes"";""yes"";""yes"";4;4;4;2;3;5;6;""12"";""12"";12"
5e403b81614e4b05a0c01c88,5e403b81614e4b05a0c01c88,"""GP"";""F"";18;""R"";""GT3"";""A"";3;2;""other"";""services"";""home"";""mother"";2;2;0;""no"";""no"";""no"";""no"";""no"";""no"";""yes"";""yes"";4;1;1;1;1;5;75;""10"";""9"";9"
5e403b81614e4b05a0c01c89,5e403b81614e4b05a0c01c89,"""GP"";""M"";18;""U"";""GT3"";""T"";4;4;""teacher"";""services"";""home"";""mother"";2;1;0;""no"";""no"";""yes"";""yes"";""yes"";""yes"";""yes"";""no"";3;2;4;1;4;3;22;""9"";""9"";9"
5e403b81614e4b05a0c01c8a,5e403b81614e4b05a0c01c8a,"""GP"";""F"";18;""U"";""GT3"";""T"";4;4;""health"";""health"";""reputation"";""father"";1;2;1;""yes"";""yes"";""no"";""yes"";""yes"";""yes"";""yes"";""yes"";2;4;4;1;1;4;15;""9"";""8"";8"
5e403b81614e4b05a0c01c8b,5e403b81614e4b05a0c01c8b,"""GP"";""M"";18;""U"";""LE3"";""T"";4;3;""teacher"";""services"";""course"";""mother"";2;1;0;""no"";""no"";""yes"";""yes"";""yes"";""yes"";""yes"";""no"";4;2;3;1;2;1;8;""10"";""11"";10"
5e403b81614e4b05a0c01c8c,5e403b81614e4b05a0c01c8c,"""GP"";""M"";17;""U"";""LE3"";""A"";4;1;""services"";""other"";""home"";""mother"";2;1;0;""no"";""no"";""yes"";""yes"";""yes"";""yes"";""yes"";""yes"";4;5;4;2;4;5;30;""8"";""8"";8"
5e403b81614e4b05a0c01c8d,5e403b81614e4b05a0c01c8d,"""GP"";""M"";17;""U"";""LE3"";""A"";3;2;""teacher"";""services"";""home"";""mother"";1;1;1;""no"";""no"";""no"";""no"";""yes"";""yes"";""yes"";""no"";4;4;4;3;4;3;19;""11"";""9"";10"
5e403b81614e4b05a0c01c8e,5e403b81614e4b05a0c01c8e,"""GP"";""F"";18;""R"";""LE3"";""T"";1;1;""at_home"";""other"";""reputation"";""mother"";2;4;0;""no"";""yes"";""yes"";""yes"";""yes"";""yes"";""no"";""no"";5;2;2;1;1;3;1;""12"";""12"";12"
5e403b81614e4b05a0c01c8f,5e403b81614e4b05a0c01c8f,"""GP"";""F"";18;""U"";""GT3"";""T"";1;1;""other"";""other"";""home"";""mother"";2;2;0;""yes"";""no"";""no"";""yes"";""yes"";""yes"";""yes"";""no"";5;4;4;1;1;4;4;""8"";""9"";10"
5e403b81614e4b05a0c01c90,5e403b81614e4b05a0c01c90,"""GP"";""F"";17;""U"";""GT3"";""T"";2;2;""other"";""other"";""course"";""mother"";1;2;0;""no"";""yes"";""no"";""no"";""no"";""yes"";""yes"";""no"";5;4;5;1;2;5;4;""10"";""9"";11"
5e403b81614e4b05a0c01c91,5e403b81614e4b05a0c01c91,"""GP"";""M"";17;""U"";""GT3"";""T"";1;1;""other"";""other"";""reputation"";""father"";1;2;0;""no"";""no"";""yes"";""no"";""no"";""yes"";""yes"";""no"";4;3;3;1;2;4;2;""12"";""10"";11"
5e403b81614e4b05a0c01c92,5e403b81614e4b05a0c01c92,"""GP"";""F"";18;""U"";""GT3"";""T"";2;2;""at_home"";""at_home"";""other"";""mother"";1;3;0;""no"";""yes"";""yes"";""no"";""yes"";""yes"";""yes"";""no"";4;3;3;1;2;2;5;""18"";""18"";19"
5e403b81614e4b05a0c01c93,5e403b81614e4b05a0c01c93,"""GP"";""F"";17;""U"";""GT3"";""T"";1;1;""services"";""teacher"";""reputation"";""mother"";1;3;0;""no"";""yes"";""yes"";""no"";""yes"";""yes"";""yes"";""no"";4;3;3;1;1;3;6;""13"";""12"";12"
5e403b81614e4b05a0c01c94,5e403b81614e4b05a0c01c94,"""GP"";""M"";18;""U"";""GT3"";""T"";2;1;""services"";""services"";""reputation"";""mother"";1;3;0;""no"";""no"";""yes"";""yes"";""yes"";""yes"";""yes"";""no"";4;2;4;1;3;2;6;""15"";""14"";14"
5e403b81614e4b05a0c01c95,5e403b81614e4b05a0c01c95,"""GP"";""M"";18;""U"";""LE3"";""A"";4;4;""teacher"";""teacher"";""reputation"";""mother"";1;2;0;""no"";""yes"";""yes"";""yes"";""yes"";""yes"";""yes"";""no"";5;4;3;1;1;2;9;""15"";""13"";15"
5e403b81614e4b05a0c01c96,5e403b81614e4b05a0c01c96,"""GP"";""M"";18;""U"";""GT3"";""T"";4;2;""teacher"";""other"";""home"";""mother"";1;2;0;""no"";""yes"";""yes"";""yes"";""yes"";""yes"";""yes"";""yes"";4;3;2;1;4;5;11;""12"";""11"";11"
5e403b81614e4b05a0c01c97,5e403b81614e4b05a0c01c97,"""GP"";""F"";17;""U"";""GT3"";""T"";4;3;""health"";""services"";""reputation"";""mother"";1;3;0;""no"";""yes"";""yes"";""no"";""yes"";""yes"";""yes"";""no"";4;2;2;1;2;3;0;""15"";""15"";15"
5e403b81614e4b05a0c01c98,5e403b81614e4b05a0c01c98,"""GP"";""F"";18;""U"";""LE3"";""T"";2;1;""services"";""at_home"";""reputation"";""mother"";1;2;1;""no"";""no"";""no"";""no"";""yes"";""yes"";""yes"";""yes"";5;4;3;1;1;5;12;""12"";""12"";13"
5e403b81614e4b05a0c01c99,5e403b81614e4b05a0c01c99,"""GP"";""F"";17;""R"";""LE3"";""T"";3;1;""services"";""other"";""reputation"";""mother"";2;4;0;""no"";""yes"";""yes"";""no"";""yes"";""yes"";""no"";""no"";3;1;2;1;1;3;6;""18"";""18"";18"
5e403b81614e4b05a0c01c9a,5e403b81614e4b05a0c01c9a,"""GP"";""M"";18;""R"";""LE3"";""T"";3;2;""services"";""other"";""reputation"";""mother"";2;3;0;""no"";""yes"";""yes"";""yes"";""yes"";""yes"";""yes"";""no"";5;4;2;1;1;4;8;""14"";""13"";14"
5e403b81614e4b05a0c01c9b,5e403b81614e4b05a0c01c9b,"""GP"";""M"";17;""U"";""GT3"";""T"";3;3;""health"";""other"";""home"";""mother"";1;1;0;""no"";""yes"";""yes"";""no"";""yes"";""yes"";""yes"";""no"";4;4;3;1;3;5;4;""14"";""12"";11"
5e403b81614e4b05a0c01c9c,5e403b81614e4b05a0c01c9c,"""GP"";""F"";19;""U"";""GT3"";""T"";4;4;""health"";""other"";""reputation"";""other"";2;2;0;""no"";""yes"";""yes"";""yes"";""yes"";""yes"";""yes"";""no"";2;3;4;2;3;2;0;""10"";""9"";0"
5e403b81614e4b05a0c01c9d,5e403b81614e4b05a0c01c9d,"""GP"";""F"";18;""U"";""LE3"";""T"";4;3;""other"";""other"";""home"";""other"";2;2;0;""no"";""yes"";""yes"";""no"";""yes"";""yes"";""yes"";""yes"";4;4;5;1;2;2;10;""10"";""8"";8"
5e403b81614e4b05a0c01c9e,5e403b81614e4b05a0c01c9e,"""GP"";""F"";18;""U"";""GT3"";""T"";4;3;""other"";""other"";""reputation"";""father"";1;4;0;""no"";""yes"";""yes"";""no"";""yes"";""yes"";""yes"";""no"";4;3;3;1;1;3;0;""14"";""13"";14"
5e403b81614e4b05a0c01c9f,5e403b81614e4b05a0c01c9f,"""GP"";""M"";18;""U"";""LE3"";""T"";4;4;""teacher"";""teacher"";""home"";""mother"";1;1;0;""no"";""yes"";""yes"";""no"";""yes"";""yes"";""yes"";""yes"";1;4;2;2;2;1;5;""16"";""15"";16"
5e403b81614e4b05a0c01ca0,5e403b81614e4b05a0c01ca0,"""GP"";""F"";18;""U"";""LE3"";""A"";4;4;""health"";""other"";""home"";""mother"";1;2;0;""no"";""yes"";""no"";""no"";""yes"";""yes"";""yes"";""yes"";4;2;4;1;1;4;14;""12"";""10"";11"
5e403b81614e4b05a0c01ca1,5e403b81614e4b05a0c01ca1,"""GP"";""M"";17;""U"";""LE3"";""T"";4;4;""other"";""teacher"";""home"";""father"";2;1;0;""no"";""no"";""yes"";""no"";""yes"";""yes"";""yes"";""no"";4;1;1;2;2;5;0;""11"";""11"";10"
5e403b81614e4b05a0c01ca2,5e403b81614e4b05a0c01ca2,"""GP"";""F"";17;""U"";""GT3"";""T"";4;2;""other"";""other"";""reputation"";""mother"";2;3;0;""no"";""yes"";""yes"";""no"";""yes"";""yes"";""yes"";""no"";4;3;3;1;1;3;0;""15"";""12"";14"
5e403b81614e4b05a0c01ca3,5e403b81614e4b05a0c01ca3,"""GP"";""F"";17;""U"";""GT3"";""T"";3;2;""health"";""health"";""reputation"";""father"";1;4;0;""no"";""yes"";""yes"";""yes"";""no"";""yes"";""yes"";""no"";5;2;2;1;2;5;0;""17"";""17"";18"
5e403b81614e4b05a0c01ca4,5e403b81614e4b05a0c01ca4,"""GP"";""M"";19;""U"";""GT3"";""T"";3;3;""other"";""other"";""home"";""other"";1;2;1;""no"";""yes"";""no"";""yes"";""yes"";""yes"";""yes"";""yes"";4;4;4;1;1;3;20;""15"";""14"";13"
5e403b81614e4b05a0c01ca5,5e403b81614e4b05a0c01ca5,"""GP"";""F"";18;""U"";""GT3"";""T"";2;4;""services"";""at_home"";""reputation"";""other"";1;2;1;""no"";""yes"";""yes"";""yes"";""yes"";""yes"";""yes"";""no"";4;4;3;1;1;3;8;""14"";""12"";12"
5e403b81614e4b05a0c01ca6,5e403b81614e4b05a0c01ca6,"""GP"";""M"";20;""U"";""GT3"";""A"";3;2;""services"";""other"";""course"";""other"";1;1;0;""no"";""no"";""no"";""yes"";""yes"";""yes"";""no"";""no"";5;5;3;1;1;5;0;""17"";""18"";18"
5e403b81614e4b05a0c01ca7,5e403b81614e4b05a0c01ca7,"""GP"";""M"";19;""U"";""GT3"";""T"";4;4;""teacher"";""services"";""reputation"";""other"";2;1;1;""no"";""yes"";""yes"";""no"";""yes"";""yes"";""yes"";""yes"";4;3;4;1;1;4;38;""8"";""9"";8"
5e403b81614e4b05a0c01ca8,5e403b81614e4b05a0c01ca8,"""GP"";""M"";19;""R"";""GT3"";""T"";3;3;""other"";""services"";""reputation"";""father"";1;2;1;""no"";""no"";""no"";""yes"";""yes"";""yes"";""no"";""yes"";4;5;3;1;2;5;0;""15"";""12"";12"
5e403b81614e4b05a0c01ca9,5e403b81614e4b05a0c01ca9,"""GP"";""F"";19;""U"";""LE3"";""T"";1;1;""at_home"";""other"";""reputation"";""other"";1;2;1;""yes"";""yes"";""no"";""yes"";""no"";""yes"";""yes"";""no"";4;4;3;1;3;3;18;""12"";""10"";10"
5e403b81614e4b05a0c01caa,5e403b81614e4b05a0c01caa,"""GP"";""F"";19;""U"";""LE3"";""T"";1;2;""services"";""services"";""home"";""other"";1;2;1;""no"";""no"";""no"";""yes"";""no"";""yes"";""no"";""yes"";4;2;4;2;2;3;0;""9"";""9"";0"
5e403b81614e4b05a0c01cab,5e403b81614e4b05a0c01cab,"""GP"";""F"";19;""U"";""GT3"";""T"";2;1;""at_home"";""other"";""other"";""other"";3;2;0;""no"";""yes"";""no"";""no"";""yes"";""no"";""yes"";""yes"";3;4;1;1;1;2;20;""14"";""12"";13"
5e403b81614e4b05a0c01cac,5e403b81614e4b05a0c01cac,"""GP"";""M"";19;""U"";""GT3"";""T"";1;2;""other"";""services"";""course"";""other"";1;2;1;""no"";""no"";""no"";""no"";""no"";""yes"";""yes"";""no"";4;5;2;2;2;4;3;""13"";""11"";11"
5e403b81614e4b05a0c01cad,5e403b81614e4b05a0c01cad,"""GP"";""F"";19;""U"";""LE3"";""T"";3;2;""services"";""other"";""reputation"";""other"";2;2;1;""no"";""yes"";""yes"";""no"";""no"";""yes"";""yes"";""yes"";4;2;2;1;2;1;22;""13"";""10"";11"
5e403b81614e4b05a0c01cae,5e403b81614e4b05a0c01cae,"""GP"";""F"";19;""U"";""GT3"";""T"";1;1;""at_home"";""health"";""home"";""other"";1;3;2;""no"";""no"";""no"";""no"";""no"";""yes"";""yes"";""yes"";4;1;2;1;1;3;14;""15"";""13"";13"
5e403b81614e4b05a0c01caf,5e403b81614e4b05a0c01caf,"""GP"";""F"";19;""R"";""GT3"";""T"";2;3;""other"";""other"";""reputation"";""other"";1;3;1;""no"";""no"";""no"";""no"";""yes"";""yes"";""yes"";""yes"";4;1;2;1;1;3;40;""13"";""11"";11"
5e403b81614e4b05a0c01cb0,5e403b81614e4b05a0c01cb0,"""GP"";""F"";18;""U"";""GT3"";""T"";2;1;""services"";""other"";""course"";""mother"";2;2;0;""no"";""yes"";""yes"";""yes"";""yes"";""yes"";""yes"";""no"";5;3;3;1;2;1;0;""8"";""8"";0"
5e403b81614e4b05a0c01cb1,5e403b81614e4b05a0c01cb1,"""GP"";""F"";18;""U"";""GT3"";""T"";4;3;""other"";""other"";""course"";""mother"";1;3;0;""no"";""yes"";""yes"";""yes"";""yes"";""yes"";""yes"";""yes"";4;3;4;1;1;5;9;""9"";""10"";9"
5e403b81614e4b05a0c01cb2,5e403b81614e4b05a0c01cb2,"""GP"";""F"";17;""R"";""GT3"";""T"";3;4;""at_home"";""services"";""course"";""father"";1;3;0;""no"";""yes"";""yes"";""yes"";""no"";""yes"";""yes"";""no"";4;3;4;2;5;5;0;""11"";""11"";10"
5e403b81614e4b05a0c01cb3,5e403b81614e4b05a0c01cb3,"""GP"";""F"";18;""U"";""GT3"";""T"";4;4;""teacher"";""other"";""course"";""mother"";1;2;0;""no"";""yes"";""yes"";""no"";""yes"";""yes"";""yes"";""no"";4;4;4;3;3;5;2;""11"";""11"";11"
5e403b81614e4b05a0c01cb4,5e403b81614e4b05a0c01cb4,"""GP"";""F"";17;""U"";""GT3"";""A"";4;3;""services"";""services"";""course"";""mother"";1;2;0;""no"";""yes"";""yes"";""no"";""yes"";""yes"";""yes"";""yes"";5;2;2;1;2;5;23;""13"";""13"";13"
5e403b81614e4b05a0c01cb5,5e403b81614e4b05a0c01cb5,"""GP"";""F"";17;""U"";""GT3"";""T"";2;2;""other"";""other"";""course"";""mother"";1;2;0;""no"";""yes"";""no"";""no"";""yes"";""yes"";""no"";""yes"";4;2;2;1;1;3;12;""11"";""9"";9"
5e403b81614e4b05a0c01cb6,5e403b81614e4b05a0c01cb6,"""GP"";""F"";17;""R"";""LE3"";""T"";2;2;""services"";""services"";""course"";""mother"";1;3;0;""no"";""yes"";""yes"";""yes"";""yes"";""yes"";""yes"";""no"";3;3;2;2;2;3;3;""11"";""11"";11"
5e403b81614e4b05a0c01cb7,5e403b81614e4b05a0c01cb7,"""GP"";""F"";17;""U"";""GT3"";""T"";3;1;""services"";""services"";""course"";""father"";1;3;0;""no"";""yes"";""no"";""no"";""no"";""yes"";""yes"";""no"";3;4;3;2;3;5;1;""12"";""14"";15"
5e403b81614e4b05a0c01cb8,5e403b81614e4b05a0c01cb8,"""GP"";""F"";17;""U"";""LE3"";""T"";0;2;""at_home"";""at_home"";""home"";""father"";2;3;0;""no"";""no"";""no"";""no"";""yes"";""yes"";""yes"";""no"";3;3;3;2;3;2;0;""16"";""15"";15"
5e403b81614e4b05a0c01cb9,5e403b81614e4b05a0c01cb9,"""GP"";""M"";18;""U"";""GT3"";""T"";4;4;""other"";""other"";""course"";""mother"";1;3;0;""no"";""no"";""no"";""yes"";""yes"";""yes"";""yes"";""no"";4;3;3;2;2;3;3;""9"";""12"";11"
5e403b81614e4b05a0c01cba,5e403b81614e4b05a0c01cba,"""GP"";""M"";17;""U"";""GT3"";""T"";3;3;""other"";""services"";""reputation"";""mother"";1;1;0;""no"";""no"";""no"";""yes"";""no"";""yes"";""yes"";""no"";4;3;5;3;5;5;3;""14"";""15"";16"
5e403b81614e4b05a0c01cbb,5e403b81614e4b05a0c01cbb,"""GP"";""M"";17;""R"";""GT3"";""T"";2;2;""services"";""other"";""course"";""mother"";4;1;0;""no"";""yes"";""no"";""no"";""yes"";""yes"";""yes"";""no"";4;4;5;5;5;4;8;""11"";""10"";10"
5e403b81614e4b05a0c01cbc,5e403b81614e4b05a0c01cbc,"""GP"";""F"";17;""U"";""GT3"";""T"";4;4;""teacher"";""services"";""course"";""mother"";1;3;0;""no"";""yes"";""yes"";""yes"";""yes"";""yes"";""yes"";""no"";5;4;4;1;3;4;7;""10"";""9"";9"
5e403b81614e4b05a0c01cbd,5e403b81614e4b05a0c01cbd,"""GP"";""F"";17;""U"";""GT3"";""T"";4;4;""teacher"";""teacher"";""course"";""mother"";2;3;0;""no"";""yes"";""yes"";""no"";""no"";""yes"";""yes"";""yes"";4;3;3;1;2;4;4;""14"";""14"";14"
5e403b81614e4b05a0c01cbe,5e403b81614e4b05a0c01cbe,"""GP"";""M"";18;""U"";""LE3"";""T"";2;2;""other"";""other"";""course"";""mother"";1;4;0;""no"";""yes"";""no"";""yes"";""yes"";""yes"";""yes"";""no"";4;5;5;2;4;5;2;""9"";""8"";8"
5e403b81614e4b05a0c01cbf,5e403b81614e4b05a0c01cbf,"""GP"";""F"";17;""R"";""GT3"";""T"";2;4;""at_home"";""other"";""course"";""father"";1;3;0;""no"";""yes"";""no"";""no"";""yes"";""yes"";""yes"";""yes"";4;4;3;1;1;5;7;""12"";""14"";14"
5e403b81614e4b05a0c01cc0,5e403b81614e4b05a0c01cc0,"""GP"";""F"";18;""U"";""GT3"";""T"";3;3;""services"";""services"";""home"";""mother"";1;2;0;""no"";""no"";""no"";""yes"";""yes"";""yes"";""yes"";""no"";5;3;4;1;1;4;0;""7"";""0"";0"
5e403b81614e4b05a0c01cc1,5e403b81614e4b05a0c01cc1,"""GP"";""F"";18;""U"";""LE3"";""T"";2;2;""other"";""other"";""home"";""other"";1;2;0;""no"";""no"";""no"";""yes"";""no"";""yes"";""yes"";""yes"";4;3;3;1;1;2;0;""8"";""8"";0"
5e403b81614e4b05a0c01cc2,5e403b81614e4b05a0c01cc2,"""GP"";""F"";18;""R"";""GT3"";""T"";2;2;""at_home"";""other"";""course"";""mother"";2;4;0;""no"";""no"";""no"";""yes"";""yes"";""yes"";""no"";""no"";4;4;4;1;1;4;0;""10"";""9"";0"
5e403b81614e4b05a0c01cc3,5e403b81614e4b05a0c01cc3,"""GP"";""F"";17;""U"";""GT3"";""T"";3;4;""services"";""other"";""course"";""mother"";1;3;0;""no"";""no"";""no"";""no"";""yes"";""yes"";""yes"";""no"";4;4;5;1;3;5;16;""16"";""15"";15"
5e403b81614e4b05a0c01cc4,5e403b81614e4b05a0c01cc4,"""GP"";""F"";19;""R"";""GT3"";""A"";3;1;""services"";""at_home"";""home"";""other"";1;3;1;""no"";""no"";""yes"";""no"";""yes"";""yes"";""no"";""no"";5;4;3;1;2;5;12;""14"";""13"";13"
5e403b81614e4b05a0c01cc5,5e403b81614e4b05a0c01cc5,"""GP"";""F"";17;""U"";""GT3"";""T"";3;2;""other"";""other"";""home"";""mother"";1;2;0;""no"";""yes"";""yes"";""no"";""yes"";""yes"";""yes"";""yes"";4;3;2;2;3;2;0;""7"";""8"";0"
5e403b81614e4b05a0c01cc6,5e403b81614e4b05a0c01cc6,"""GP"";""F"";18;""U"";""LE3"";""T"";3;3;""services"";""services"";""home"";""mother"";1;4;0;""no"";""yes"";""no"";""no"";""yes"";""yes"";""yes"";""no"";5;3;3;1;1;1;7;""16"";""15"";17"
5e403b81614e4b05a0c01cc7,5e403b81614e4b05a0c01cc7,"""GP"";""F"";17;""R"";""GT3"";""A"";3;2;""other"";""other"";""home"";""mother"";1;2;0;""no"";""yes"";""yes"";""no"";""yes"";""yes"";""yes"";""no"";4;3;3;2;3;2;4;""9"";""10"";10"
5e403b81614e4b05a0c01cc8,5e403b81614e4b05a0c01cc8,"""GP"";""F"";19;""U"";""GT3"";""T"";2;1;""services"";""services"";""home"";""other"";1;3;1;""no"";""no"";""yes"";""yes"";""yes"";""yes"";""yes"";""yes"";4;3;4;1;3;3;4;""11"";""12"";11"
5e403b81614e4b05a0c01cc9,5e403b81614e4b05a0c01cc9,"""GP"";""M"";18;""U"";""GT3"";""T"";4;4;""teacher"";""services"";""home"";""father"";1;2;1;""no"";""yes"";""no"";""yes"";""yes"";""yes"";""yes"";""no"";4;3;3;2;2;2;0;""10"";""10"";0"
5e403b81614e4b05a0c01cca,5e403b81614e4b05a0c01cca,"""GP"";""M"";18;""U"";""LE3"";""T"";3;4;""services"";""other"";""home"";""mother"";1;2;0;""no"";""no"";""no"";""yes"";""yes"";""yes"";""yes"";""yes"";4;3;3;1;3;5;11;""16"";""15"";15"
5e403b81614e4b05a0c01ccb,5e403b81614e4b05a0c01ccb,"""GP"";""F"";17;""U"";""GT3"";""A"";2;2;""at_home"";""at_home"";""home"";""father"";1;2;1;""no"";""yes"";""no"";""no"";""yes"";""yes"";""yes"";""yes"";3;3;1;1;2;4;0;""9"";""8"";0"
5e403b81614e4b05a0c01ccc,5e403b81614e4b05a0c01ccc,"""GP"";""F"";18;""U"";""GT3"";""T"";2;3;""at_home"";""other"";""course"";""mother"";1;3;0;""no"";""yes"";""no"";""no"";""yes"";""yes"";""yes"";""no"";4;3;3;1;2;3;4;""11"";""10"";10"
5e403b81614e4b05a0c01ccd,5e403b81614e4b05a0c01ccd,"""GP"";""F"";18;""U"";""GT3"";""T"";3;2;""other"";""services"";""other"";""mother"";1;3;0;""no"";""no"";""no"";""no"";""yes"";""yes"";""yes"";""yes"";5;4;3;2;3;1;7;""13"";""13"";14"
5e403b81614e4b05a0c01cce,5e403b81614e4b05a0c01cce,"""GP"";""M"";18;""R"";""GT3"";""T"";4;3;""teacher"";""services"";""course"";""mother"";1;3;0;""no"";""no"";""no"";""no"";""yes"";""yes"";""yes"";""yes"";5;3;2;1;2;4;9;""16"";""15"";16"
5e403b81614e4b05a0c01ccf,5e403b81614e4b05a0c01ccf,"""GP"";""M"";18;""U"";""GT3"";""T"";4;3;""teacher"";""other"";""course"";""mother"";1;3;0;""no"";""yes"";""yes"";""no"";""yes"";""yes"";""yes"";""yes"";5;4;5;2;3;5;0;""10"";""10"";9"
5e403b81614e4b05a0c01cd0,5e403b81614e4b05a0c01cd0,"""GP"";""F"";17;""U"";""GT3"";""T"";4;3;""health"";""other"";""reputation"";""mother"";1;3;0;""no"";""yes"";""yes"";""yes"";""yes"";""yes"";""yes"";""yes"";4;4;3;1;3;4;0;""13"";""15"";15"
5e403b81614e4b05a0c01cd1,5e403b81614e4b05a0c01cd1,"""MS"";""M"";18;""R"";""GT3"";""T"";3;2;""other"";""other"";""course"";""mother"";2;1;1;""no"";""yes"";""no"";""no"";""no"";""yes"";""yes"";""no"";2;5;5;5;5;5;10;""11"";""13"";13"
5e403b81614e4b05a0c01cd2,5e403b81614e4b05a0c01cd2,"""MS"";""M"";19;""R"";""GT3"";""T"";1;1;""other"";""services"";""home"";""other"";3;2;3;""no"";""no"";""no"";""no"";""yes"";""yes"";""yes"";""no"";5;4;4;3;3;2;8;""8"";""7"";8"
5e403b81614e4b05a0c01cd3,5e403b81614e4b05a0c01cd3,"""MS"";""M"";17;""U"";""GT3"";""T"";3;3;""health"";""other"";""course"";""mother"";2;2;0;""no"";""yes"";""yes"";""no"";""yes"";""yes"";""yes"";""no"";4;5;4;2;3;3;2;""13"";""13"";13"
5e403b81614e4b05a0c01cd4,5e403b81614e4b05a0c01cd4,"""MS"";""M"";18;""U"";""LE3"";""T"";1;3;""at_home"";""services"";""course"";""mother"";1;1;1;""no"";""no"";""no"";""no"";""yes"";""no"";""yes"";""yes"";4;3;3;2;3;3;7;""8"";""7"";8"
5e403b81614e4b05a0c01cd5,5e403b81614e4b05a0c01cd5,"""MS"";""M"";19;""R"";""GT3"";""T"";1;1;""other"";""other"";""home"";""other"";3;1;1;""no"";""yes"";""no"";""no"";""yes"";""yes"";""yes"";""no"";4;4;4;3;3;5;4;""8"";""8"";8"
5e403b81614e4b05a0c01cd6,5e403b81614e4b05a0c01cd6,"""MS"";""M"";17;""R"";""GT3"";""T"";4;3;""services"";""other"";""home"";""mother"";2;2;0;""no"";""yes"";""yes"";""yes"";""no"";""yes"";""yes"";""yes"";4;5;5;1;3;2;4;""13"";""11"";11"
5e403b81614e4b05a0c01cd7,5e403b81614e4b05a0c01cd7,"""MS"";""F"";18;""U"";""GT3"";""T"";3;3;""services"";""services"";""course"";""father"";1;2;0;""no"";""yes"";""no"";""no"";""yes"";""yes"";""no"";""yes"";5;3;4;1;1;5;0;""10"";""9"";9"
5e403b81614e4b05a0c01cd8,5e403b81614e4b05a0c01cd8,"""MS"";""F"";17;""R"";""GT3"";""T"";4;4;""teacher"";""services"";""other"";""father"";2;2;0;""no"";""yes"";""yes"";""yes"";""yes"";""yes"";""yes"";""no"";4;3;3;1;2;5;4;""12"";""13"";13"
5e403b81614e4b05a0c01cd9,5e403b81614e4b05a0c01cd9,"""MS"";""F"";17;""U"";""LE3"";""A"";3;2;""services"";""other"";""reputation"";""mother"";2;2;0;""no"";""no"";""no"";""no"";""yes"";""yes"";""no"";""yes"";1;2;3;1;2;5;2;""12"";""12"";11"
5e403b81614e4b05a0c01cda,5e403b81614e4b05a0c01cda,"""MS"";""M"";18;""U"";""LE3"";""T"";1;1;""other"";""services"";""home"";""father"";2;1;0;""no"";""no"";""no"";""no"";""no"";""yes"";""yes"";""yes"";3;3;2;1;2;3;4;""10"";""10"";10"
5e403b81614e4b05a0c01cdb,5e403b81614e4b05a0c01cdb,"""MS"";""F"";18;""U"";""LE3"";""T"";1;1;""at_home"";""services"";""course"";""father"";2;3;0;""no"";""no"";""no"";""no"";""yes"";""yes"";""yes"";""no"";5;3;2;1;1;4;0;""18"";""16"";16"
5e403b81614e4b05a0c01cdc,5e403b81614e4b05a0c01cdc,"""MS"";""F"";18;""R"";""LE3"";""A"";1;4;""at_home"";""other"";""course"";""mother"";3;2;0;""no"";""no"";""no"";""no"";""yes"";""yes"";""no"";""yes"";4;3;4;1;4;5;0;""13"";""13"";13"
5e403b81614e4b05a0c01cdd,5e403b81614e4b05a0c01cdd,"""MS"";""M"";18;""R"";""LE3"";""T"";1;1;""at_home"";""other"";""other"";""mother"";2;2;1;""no"";""no"";""no"";""yes"";""no"";""no"";""no"";""no"";4;4;3;2;3;5;2;""13"";""12"";12"
5e403b81614e4b05a0c01cde,5e403b81614e4b05a0c01cde,"""MS"";""F"";18;""U"";""GT3"";""T"";3;3;""services"";""services"";""other"";""mother"";2;2;0;""no"";""yes"";""no"";""no"";""yes"";""yes"";""yes"";""yes"";4;3;2;1;3;3;0;""11"";""11"";10"
5e403b81614e4b05a0c01cdf,5e403b81614e4b05a0c01cdf,"""MS"";""F"";17;""U"";""LE3"";""T"";4;4;""at_home"";""at_home"";""course"";""mother"";1;2;0;""no"";""yes"";""yes"";""yes"";""yes"";""yes"";""yes"";""yes"";2;3;4;1;1;1;0;""16"";""15"";15"
5e403b81614e4b05a0c01ce0,5e403b81614e4b05a0c01ce0,"""MS"";""F"";17;""R"";""GT3"";""T"";1;2;""other"";""services"";""course"";""father"";2;2;0;""no"";""no"";""no"";""no"";""no"";""yes"";""no"";""no"";3;2;2;1;2;3;0;""12"";""11"";12"
5e403b81614e4b05a0c01ce1,5e403b81614e4b05a0c01ce1,"""MS"";""M"";18;""R"";""GT3"";""T"";1;3;""at_home"";""other"";""course"";""mother"";2;2;0;""no"";""yes"";""yes"";""no"";""yes"";""yes"";""no"";""no"";3;3;4;2;4;3;4;""10"";""10"";10"
5e403b81614e4b05a0c01ce2,5e403b81614e4b05a0c01ce2,"""MS"";""M"";18;""U"";""LE3"";""T"";4;4;""teacher"";""services"";""other"";""mother"";2;3;0;""no"";""no"";""yes"";""no"";""yes"";""yes"";""yes"";""yes"";4;2;2;2;2;5;0;""13"";""13"";13"
5e403b81614e4b05a0c01ce3,5e403b81614e4b05a0c01ce3,"""MS"";""F"";17;""R"";""GT3"";""T"";1;1;""other"";""services"";""reputation"";""mother"";3;1;1;""no"";""yes"";""yes"";""no"";""yes"";""yes"";""yes"";""yes"";5;2;1;1;2;1;0;""7"";""6"";0"
5e403b81614e4b05a0c01ce4,5e403b81614e4b05a0c01ce4,"""MS"";""F"";18;""U"";""GT3"";""T"";2;3;""at_home"";""services"";""course"";""father"";2;1;0;""no"";""yes"";""yes"";""no"";""yes"";""yes"";""yes"";""yes"";5;2;3;1;2;4;0;""11"";""10"";10"
5e403b81614e4b05a0c01ce5,5e403b81614e4b05a0c01ce5,"""MS"";""F"";18;""R"";""GT3"";""T"";4;4;""other"";""teacher"";""other"";""father"";3;2;0;""no"";""yes"";""yes"";""no"";""no"";""yes"";""yes"";""yes"";3;2;2;4;2;5;10;""14"";""12"";11"
5e403b81614e4b05a0c01ce6,5e403b81614e4b05a0c01ce6,"""MS"";""F"";19;""U"";""LE3"";""T"";3;2;""services"";""services"";""home"";""other"";2;2;2;""no"";""no"";""no"";""yes"";""yes"";""yes"";""no"";""yes"";3;2;2;1;1;3;4;""7"";""7"";9"
5e403b81614e4b05a0c01ce7,5e403b81614e4b05a0c01ce7,"""MS"";""M"";18;""R"";""LE3"";""T"";1;2;""at_home"";""services"";""other"";""father"";3;1;0;""no"";""yes"";""yes"";""yes"";""yes"";""no"";""yes"";""yes"";4;3;3;2;3;3;3;""14"";""12"";12"
5e403b81614e4b05a0c01ce8,5e403b81614e4b05a0c01ce8,"""MS"";""F"";17;""U"";""GT3"";""T"";2;2;""other"";""at_home"";""home"";""mother"";1;3;0;""no"";""no"";""no"";""yes"";""yes"";""yes"";""no"";""yes"";3;4;3;1;1;3;8;""13"";""11"";11"
5e403b81614e4b05a0c01ce9,5e403b81614e4b05a0c01ce9,"""MS"";""F"";17;""R"";""GT3"";""T"";1;2;""other"";""other"";""course"";""mother"";1;1;0;""no"";""no"";""no"";""yes"";""yes"";""yes"";""yes"";""no"";3;5;5;1;3;1;14;""6"";""5"";5"
5e403b81614e4b05a0c01cea,5e403b81614e4b05a0c01cea,"""MS"";""F"";18;""R"";""LE3"";""T"";4;4;""other"";""other"";""reputation"";""mother"";2;3;0;""no"";""no"";""no"";""no"";""yes"";""yes"";""yes"";""no"";5;4;4;1;1;1;0;""19"";""18"";19"
5e403b81614e4b05a0c01ceb,5e403b81614e4b05a0c01ceb,"""MS"";""F"";18;""R"";""GT3"";""T"";1;1;""other"";""other"";""home"";""mother"";4;3;0;""no"";""no"";""no"";""no"";""yes"";""yes"";""yes"";""no"";4;3;2;1;2;4;2;""8"";""8"";10"
5e403b81614e4b05a0c01cec,5e403b81614e4b05a0c01cec,"""MS"";""F"";20;""U"";""GT3"";""T"";4;2;""health"";""other"";""course"";""other"";2;3;2;""no"";""yes"";""yes"";""no"";""no"";""yes"";""yes"";""yes"";5;4;3;1;1;3;4;""15"";""14"";15"
5e403b81614e4b05a0c01ced,5e403b81614e4b05a0c01ced,"""MS"";""F"";18;""R"";""LE3"";""T"";4;4;""teacher"";""services"";""course"";""mother"";1;2;0;""no"";""no"";""yes"";""yes"";""yes"";""yes"";""yes"";""no"";5;4;3;3;4;2;4;""8"";""9"";10"
5e403b81614e4b05a0c01cee,5e403b81614e4b05a0c01cee,"""MS"";""F"";18;""U"";""GT3"";""T"";3;3;""other"";""other"";""home"";""mother"";1;2;0;""no"";""no"";""yes"";""no"";""yes"";""yes"";""yes"";""yes"";4;1;3;1;2;1;0;""15"";""15"";15"
5e403b81614e4b05a0c01cef,5e403b81614e4b05a0c01cef,"""MS"";""F"";17;""R"";""GT3"";""T"";3;1;""at_home"";""other"";""reputation"";""mother"";1;2;0;""no"";""yes"";""yes"";""yes"";""no"";""yes"";""yes"";""no"";4;5;4;2;3;1;17;""10"";""10"";10"
5e403b81614e4b05a0c01cf0,5e403b81614e4b05a0c01cf0,"""MS"";""M"";18;""U"";""GT3"";""T"";4;4;""teacher"";""teacher"";""home"";""father"";1;2;0;""no"";""no"";""yes"";""yes"";""no"";""yes"";""yes"";""no"";3;2;4;1;4;2;4;""15"";""14"";14"
5e403b81614e4b05a0c01cf1,5e403b81614e4b05a0c01cf1,"""MS"";""M"";18;""R"";""GT3"";""T"";2;1;""other"";""other"";""other"";""mother"";2;1;0;""no"";""no"";""no"";""yes"";""no"";""yes"";""yes"";""yes"";4;4;3;1;3;5;5;""7"";""6"";7"
5e403b81614e4b05a0c01cf2,5e403b81614e4b05a0c01cf2,"""MS"";""M"";17;""U"";""GT3"";""T"";2;3;""other"";""services"";""home"";""father"";2;2;0;""no"";""no"";""no"";""yes"";""yes"";""yes"";""yes"";""no"";4;4;3;1;1;3;2;""11"";""11"";10"
5e403b81614e4b05a0c01cf3,5e403b81614e4b05a0c01cf3,"""MS"";""M"";19;""R"";""GT3"";""T"";1;1;""other"";""services"";""other"";""mother"";2;1;1;""no"";""no"";""no"";""no"";""yes"";""yes"";""no"";""no"";4;3;2;1;3;5;0;""6"";""5"";0"
5e403b81614e4b05a0c01cf4,5e403b81614e4b05a0c01cf4,"""MS"";""M"";18;""R"";""GT3"";""T"";4;2;""other"";""other"";""home"";""father"";2;1;1;""no"";""no"";""yes"";""no"";""yes"";""yes"";""no"";""no"";5;4;3;4;3;3;14;""6"";""5"";5"
5e403b81614e4b05a0c01cf5,5e403b81614e4b05a0c01cf5,"""MS"";""F"";18;""R"";""GT3"";""T"";2;2;""at_home"";""other"";""other"";""mother"";2;3;0;""no"";""no"";""yes"";""no"";""yes"";""yes"";""no"";""no"";5;3;3;1;3;4;2;""10"";""9"";10"
5e403b81614e4b05a0c01cf6,5e403b81614e4b05a0c01cf6,"""MS"";""F"";18;""R"";""GT3"";""T"";4;4;""teacher"";""at_home"";""reputation"";""mother"";3;1;0;""no"";""yes"";""yes"";""yes"";""yes"";""yes"";""yes"";""yes"";4;4;3;2;2;5;7;""6"";""5"";6"
5e403b81614e4b05a0c01cf7,5e403b81614e4b05a0c01cf7,"""MS"";""F"";19;""R"";""GT3"";""T"";2;3;""services"";""other"";""course"";""mother"";1;3;1;""no"";""no"";""no"";""yes"";""no"";""yes"";""yes"";""no"";5;4;2;1;2;5;0;""7"";""5"";0"
5e403b81614e4b05a0c01cf8,5e403b81614e4b05a0c01cf8,"""MS"";""F"";18;""U"";""LE3"";""T"";3;1;""teacher"";""services"";""course"";""mother"";1;2;0;""no"";""yes"";""yes"";""no"";""yes"";""yes"";""yes"";""no"";4;3;4;1;1;1;0;""7"";""9"";8"
5e403b81614e4b05a0c01cf9,5e403b81614e4b05a0c01cf9,"""MS"";""F"";18;""U"";""GT3"";""T"";1;1;""other"";""other"";""course"";""mother"";2;2;1;""no"";""no"";""no"";""yes"";""yes"";""yes"";""no"";""no"";1;1;1;1;1;5;0;""6"";""5"";0"
5e403b81614e4b05a0c01cfa,5e403b81614e4b05a0c01cfa,"""MS"";""M"";20;""U"";""LE3"";""A"";2;2;""services"";""services"";""course"";""other"";1;2;2;""no"";""yes"";""yes"";""no"";""yes"";""yes"";""no"";""no"";5;5;4;4;5;4;11;""9"";""9"";9"
5e403b81614e4b05a0c01cfb,5e403b81614e4b05a0c01cfb,"""MS"";""M"";17;""U"";""LE3"";""T"";3;1;""services"";""services"";""course"";""mother"";2;1;0;""no"";""no"";""no"";""no"";""no"";""yes"";""yes"";""no"";2;4;5;3;4;2;3;""14"";""16"";16"
5e403b81614e4b05a0c01cfc,5e403b81614e4b05a0c01cfc,"""MS"";""M"";21;""R"";""GT3"";""T"";1;1;""other"";""other"";""course"";""other"";1;1;3;""no"";""no"";""no"";""no"";""no"";""yes"";""no"";""no"";5;5;3;3;3;3;3;""10"";""8"";7"
5e403b81614e4b05a0c01cfd,5e403b81614e4b05a0c01cfd,"""MS"";""M"";18;""R"";""LE3"";""T"";3;2;""services"";""other"";""course"";""mother"";3;1;0;""no"";""no"";""no"";""no"";""no"";""yes"";""yes"";""no"";4;4;1;3;4;5;0;""11"";""12"";10"
5e403b81614e4b05a0c01cfe,5e403b81614e4b05a0c01cfe,"""MS"";""M"";19;""U"";""LE3"";""T"";1;1;""other"";""at_home"";""course"";""father"";1;1;0;""no"";""no"";""no"";""no"";""yes"";""yes"";""yes"";""no"";3;2;3;3;3;5;5;""8"";""9"";9"
